x-axis,1,2,3
second,Volt,Volt,Volt
-498.80E-03,+4.41797E+00,-83.98E-03,-402.89E-03
-497.80E-03,+4.41797E+00,-78.13E-03,-410.70E-03
-496.80E-03,+4.41797E+00,-85.94E-03,-410.70E-03
-495.80E-03,+4.41797E+00,-85.94E-03,-408.75E-03
-494.80E-03,+4.41797E+00,-13.67E-03,-402.89E-03
-493.80E-03,+4.41797E+00,+1.18164E+00,-408.75E-03
-492.80E-03,+4.41602E+00,+4.81055E+00,-402.89E-03
-491.80E-03,+4.41016E+00,+4.82617E+00,-408.75E-03
-490.80E-03,+4.41797E+00,+4.82422E+00,-402.89E-03
-489.80E-03,+4.41602E+00,+4.81836E+00,-408.75E-03
-488.80E-03,+4.40820E+00,+4.82617E+00,-400.94E-03
-487.80E-03,+4.41016E+00,+4.82617E+00,-400.94E-03
-486.80E-03,+4.41602E+00,+4.82617E+00,-400.94E-03
-485.80E-03,+4.40820E+00,+4.82422E+00,-400.94E-03
-484.80E-03,+4.40820E+00,+4.81641E+00,-400.94E-03
-483.80E-03,+4.40820E+00,+4.81641E+00,-400.94E-03
-482.80E-03,+4.40820E+00,+4.81641E+00,-400.94E-03
-481.80E-03,+4.40820E+00,+4.81641E+00,-400.94E-03
-480.80E-03,+4.41016E+00,+4.81836E+00,-400.94E-03
-479.80E-03,+4.41797E+00,+4.82617E+00,-400.94E-03
-478.80E-03,+4.41797E+00,+4.82422E+00,-400.94E-03
-477.80E-03,+4.41797E+00,+4.81641E+00,-400.94E-03
-476.80E-03,+4.41797E+00,+4.81836E+00,-400.94E-03
-475.80E-03,+4.41797E+00,+4.82422E+00,-400.94E-03
-474.80E-03,+4.41797E+00,+4.81641E+00,-400.94E-03
-473.80E-03,+4.41797E+00,+4.81836E+00,-400.94E-03
-472.80E-03,+4.41797E+00,+4.82422E+00,-402.89E-03
-471.80E-03,+4.41797E+00,+4.81641E+00,-408.75E-03
-470.80E-03,+4.41602E+00,+4.81641E+00,-400.94E-03
-469.80E-03,+4.40820E+00,+4.81641E+00,-400.94E-03
-468.80E-03,+4.40820E+00,+4.81641E+00,-400.94E-03
-467.80E-03,+4.40820E+00,+4.81641E+00,-402.89E-03
-466.80E-03,+4.40820E+00,+4.56445E+00,-410.70E-03
-465.80E-03,+4.40820E+00,+2.82813E+00,-408.75E-03
-464.80E-03,+4.40820E+00,-85.94E-03,-400.94E-03
-463.80E-03,+4.40820E+00,-87.89E-03,-400.94E-03
-462.80E-03,+4.40820E+00,-93.75E-03,-400.94E-03
-461.80E-03,+4.40820E+00,-85.94E-03,-400.94E-03
-460.80E-03,+4.40820E+00,-85.94E-03,-400.94E-03
-459.80E-03,+4.40820E+00,-85.94E-03,-400.94E-03
-458.80E-03,+4.40820E+00,-85.94E-03,-400.94E-03
-457.80E-03,+4.40820E+00,-85.94E-03,-402.89E-03
-456.80E-03,+4.40820E+00,-85.94E-03,-410.70E-03
-455.80E-03,+4.40820E+00,-85.94E-03,-408.75E-03
-454.80E-03,+4.40820E+00,-85.94E-03,-400.94E-03
-453.80E-03,+4.40820E+00,-85.94E-03,-400.94E-03
-452.80E-03,+4.40820E+00,-85.94E-03,-400.94E-03
-451.80E-03,+4.40820E+00,-85.94E-03,-400.94E-03
-450.80E-03,+2.86719E+00,-83.98E-03,-400.94E-03
-449.80E-03,-3.51758E+00,-78.13E-03,-400.94E-03
-448.80E-03,-4.40039E+00,-83.98E-03,-400.94E-03
-447.80E-03,-4.40039E+00,-78.13E-03,-400.94E-03
-446.80E-03,-4.40039E+00,-85.94E-03,-400.94E-03
-445.80E-03,-4.40039E+00,-85.94E-03,-402.89E-03
-444.80E-03,-4.40039E+00,-85.94E-03,-410.70E-03
-443.80E-03,-4.40039E+00,-85.94E-03,-408.75E-03
-442.80E-03,-4.39844E+00,-85.94E-03,-400.94E-03
-441.80E-03,-4.39063E+00,-85.94E-03,-400.94E-03
-440.80E-03,-4.39063E+00,-83.98E-03,-400.94E-03
-439.80E-03,-4.39063E+00,-78.13E-03,-398.98E-03
-438.80E-03,-4.39063E+00,+417.97E-03,-393.12E-03
-437.80E-03,-4.39063E+00,+2.91211E+00,-398.98E-03
-436.80E-03,-4.39063E+00,+4.82617E+00,-393.12E-03
-435.80E-03,-4.39063E+00,+4.82617E+00,-400.94E-03
-434.80E-03,-4.39063E+00,+4.82617E+00,-400.94E-03
-433.80E-03,-4.39063E+00,+4.82617E+00,-400.94E-03
-432.80E-03,-4.39063E+00,+4.82422E+00,-400.94E-03
-431.80E-03,-4.39258E+00,+4.81836E+00,-400.94E-03
-430.80E-03,-4.39844E+00,+4.82422E+00,-400.94E-03
-429.80E-03,-4.39258E+00,+4.81836E+00,-400.94E-03
-428.80E-03,-4.39844E+00,+4.82422E+00,-400.94E-03
-427.80E-03,-4.39258E+00,+4.81836E+00,-400.94E-03
-426.80E-03,-4.39844E+00,+4.82617E+00,-400.94E-03
-425.80E-03,-4.39258E+00,+4.82617E+00,-400.94E-03
-424.80E-03,-4.40039E+00,+4.82617E+00,-400.94E-03
-423.80E-03,-4.39844E+00,+4.82617E+00,-400.94E-03
-422.80E-03,-4.39063E+00,+4.82617E+00,-400.94E-03
-421.80E-03,-4.39063E+00,+4.82617E+00,-400.94E-03
-420.80E-03,-4.39258E+00,+4.82617E+00,-398.98E-03
-419.80E-03,-4.40039E+00,+4.82617E+00,-393.12E-03
-418.80E-03,-4.40039E+00,+4.82617E+00,-400.94E-03
-417.80E-03,-4.40039E+00,+4.82617E+00,-400.94E-03
-416.80E-03,-4.39844E+00,+4.82422E+00,-400.94E-03
-415.80E-03,-4.39063E+00,+4.81641E+00,-402.89E-03
-414.80E-03,-4.39063E+00,+4.81641E+00,-410.70E-03
-413.80E-03,-4.39063E+00,+4.81836E+00,-410.70E-03
-412.80E-03,-4.39063E+00,+4.82422E+00,-408.75E-03
-411.80E-03,-4.39063E+00,+4.81836E+00,-400.94E-03
-410.80E-03,-4.39258E+00,+4.13672E+00,-400.94E-03
-409.80E-03,-4.39844E+00,+1.08594E+00,-400.94E-03
-408.80E-03,-4.39063E+00,-85.94E-03,-400.94E-03
-407.80E-03,-4.39063E+00,-85.94E-03,-400.94E-03
-406.80E-03,-4.39063E+00,-85.94E-03,-400.94E-03
-405.80E-03,-4.39258E+00,-85.94E-03,-400.94E-03
-404.80E-03,-4.39844E+00,-85.94E-03,-400.94E-03
-403.80E-03,-4.39258E+00,-85.94E-03,-400.94E-03
-402.80E-03,-4.39844E+00,-85.94E-03,-400.94E-03
-401.80E-03,-4.37109E+00,-83.98E-03,-400.94E-03
-400.80E-03,-2.55273E+00,-78.13E-03,-400.94E-03
-399.80E-03,+4.41016E+00,-85.94E-03,-400.94E-03
-398.80E-03,+4.41797E+00,-85.94E-03,-400.94E-03
-397.80E-03,+4.41797E+00,-85.94E-03,-400.94E-03
-396.80E-03,+4.41602E+00,-85.94E-03,-400.94E-03
-395.80E-03,+4.41016E+00,-85.94E-03,-400.94E-03
-394.80E-03,+4.41797E+00,-83.98E-03,-400.94E-03
-393.80E-03,+4.41797E+00,-78.13E-03,-400.94E-03
-392.80E-03,+4.41797E+00,-83.98E-03,-400.94E-03
-391.80E-03,+4.41602E+00,-78.13E-03,-400.94E-03
-390.80E-03,+4.40820E+00,-83.98E-03,-400.94E-03
-389.80E-03,+4.40820E+00,-76.17E-03,-400.94E-03
-388.80E-03,+4.41016E+00,-78.13E-03,-400.94E-03
-387.80E-03,+4.41602E+00,-85.94E-03,-400.94E-03
-386.80E-03,+4.40820E+00,-85.94E-03,-400.94E-03
-385.80E-03,+4.40820E+00,-85.94E-03,-400.94E-03
-384.80E-03,+4.40820E+00,-85.94E-03,-400.94E-03
-383.80E-03,+4.40820E+00,-85.94E-03,-400.94E-03
-382.80E-03,+4.40820E+00,+853.52E-03,-400.94E-03
-381.80E-03,+4.40820E+00,+4.65430E+00,-400.94E-03
-380.80E-03,+4.41016E+00,+4.82617E+00,-400.94E-03
-379.80E-03,+4.41602E+00,+4.82617E+00,-402.89E-03
-378.80E-03,+4.40820E+00,+4.82617E+00,-410.70E-03
-377.80E-03,+4.41016E+00,+4.82617E+00,-408.75E-03
-376.80E-03,+4.41602E+00,+4.82617E+00,-400.94E-03
-375.80E-03,+4.40820E+00,+4.82617E+00,-400.94E-03
-374.80E-03,+4.40820E+00,+4.82422E+00,-400.94E-03
-373.80E-03,+4.41016E+00,+4.81641E+00,-400.94E-03
-372.80E-03,+4.41602E+00,+4.81641E+00,-400.94E-03
-371.80E-03,+4.40820E+00,+4.81836E+00,-400.94E-03
-370.80E-03,+4.40820E+00,+4.82422E+00,-400.94E-03
-369.80E-03,+4.41016E+00,+4.81641E+00,-400.94E-03
-368.80E-03,+4.41602E+00,+4.81641E+00,-400.94E-03
-367.80E-03,+4.40820E+00,+4.81836E+00,-400.94E-03
-366.80E-03,+4.40820E+00,+4.82617E+00,-402.89E-03
-365.80E-03,+4.40820E+00,+4.82422E+00,-408.75E-03
-364.80E-03,+4.40820E+00,+4.81641E+00,-400.94E-03
-363.80E-03,+4.40820E+00,+4.81836E+00,-400.94E-03
-362.80E-03,+4.40820E+00,+4.82617E+00,-400.94E-03
-361.80E-03,+4.41016E+00,+4.82422E+00,-400.94E-03
-360.80E-03,+4.41797E+00,+4.81641E+00,-400.94E-03
-359.80E-03,+4.41602E+00,+4.81641E+00,-400.94E-03
-358.80E-03,+4.40820E+00,+4.81641E+00,-400.94E-03
-357.80E-03,+4.40820E+00,+4.81836E+00,-400.94E-03
-356.80E-03,+4.40820E+00,+4.82422E+00,-400.94E-03
-355.80E-03,+4.40820E+00,+4.67383E+00,-400.94E-03
-354.80E-03,+4.40820E+00,+3.26758E+00,-400.94E-03
-353.80E-03,+4.41016E+00,-78.13E-03,-398.98E-03
-352.80E-03,+4.41602E+00,-85.94E-03,-393.12E-03
-351.80E-03,+4.40820E+00,-85.94E-03,-400.94E-03
-350.80E-03,+2.86133E+00,-83.98E-03,-400.94E-03
-349.80E-03,-3.54102E+00,-78.13E-03,-400.94E-03
-348.80E-03,-4.40039E+00,-83.98E-03,-400.94E-03
-347.80E-03,-4.40039E+00,-76.17E-03,-398.98E-03
-346.80E-03,-4.39844E+00,-76.17E-03,-393.12E-03
-345.80E-03,-4.39258E+00,-76.17E-03,-400.94E-03
-344.80E-03,-4.40039E+00,-76.17E-03,-398.98E-03
-343.80E-03,-4.39844E+00,-76.17E-03,-391.17E-03
-342.80E-03,-4.39063E+00,-76.17E-03,-393.12E-03
-341.80E-03,-4.39063E+00,-76.17E-03,-400.94E-03
-340.80E-03,-4.39063E+00,-76.17E-03,-400.94E-03
-339.80E-03,-4.39063E+00,-76.17E-03,-400.94E-03
-338.80E-03,-4.39063E+00,-76.17E-03,-400.94E-03
-337.80E-03,-4.39063E+00,-76.17E-03,-398.98E-03
-336.80E-03,-4.39063E+00,-76.17E-03,-391.17E-03
-335.80E-03,-4.39063E+00,-76.17E-03,-391.17E-03
-334.80E-03,-4.39063E+00,-76.17E-03,-391.17E-03
-333.80E-03,-4.39063E+00,-76.17E-03,-391.17E-03
-332.80E-03,-4.39063E+00,-76.17E-03,-393.12E-03
-331.80E-03,-4.39063E+00,-76.17E-03,-398.98E-03
-330.80E-03,-4.39063E+00,-76.17E-03,-391.17E-03
-329.80E-03,-4.39063E+00,-76.17E-03,-391.17E-03
-328.80E-03,-4.39063E+00,-76.17E-03,-391.17E-03
-327.80E-03,-4.39063E+00,+318.36E-03,-393.12E-03
-326.80E-03,-4.39063E+00,+2.48438E+00,-400.94E-03
-325.80E-03,-4.39258E+00,+4.83594E+00,-398.98E-03
-324.80E-03,-4.39844E+00,+4.83594E+00,-391.17E-03
-323.80E-03,-4.39063E+00,+4.83594E+00,-391.17E-03
-322.80E-03,-4.39258E+00,+4.83398E+00,-391.17E-03
-321.80E-03,-4.39844E+00,+4.82617E+00,-391.17E-03
-320.80E-03,-4.39063E+00,+4.82813E+00,-391.17E-03
-319.80E-03,-4.39063E+00,+4.83398E+00,-393.12E-03
-318.80E-03,-4.39258E+00,+4.82813E+00,-398.98E-03
-317.80E-03,-4.39844E+00,+4.83398E+00,-391.17E-03
-316.80E-03,-4.39063E+00,+4.82617E+00,-391.17E-03
-315.80E-03,-4.39063E+00,+4.82617E+00,-391.17E-03
-314.80E-03,-4.39063E+00,+4.82617E+00,-391.17E-03
-313.80E-03,-4.39063E+00,+4.82617E+00,-391.17E-03
-312.80E-03,-4.39063E+00,+4.82617E+00,-393.12E-03
-311.80E-03,-4.39063E+00,+4.82617E+00,-400.94E-03
-310.80E-03,-4.39063E+00,+4.82617E+00,-400.94E-03
-309.80E-03,-4.39063E+00,+4.82617E+00,-400.94E-03
-308.80E-03,-4.39063E+00,+4.82617E+00,-398.98E-03
-307.80E-03,-4.39063E+00,+4.82617E+00,-393.12E-03
-306.80E-03,-4.39063E+00,+4.82617E+00,-398.98E-03
-305.80E-03,-4.39063E+00,+4.82422E+00,-391.17E-03
-304.80E-03,-4.39063E+00,+4.81836E+00,-391.17E-03
-303.80E-03,-4.39063E+00,+4.82617E+00,-391.17E-03
-302.80E-03,-4.39258E+00,+4.82617E+00,-393.12E-03
-301.80E-03,-4.39453E+00,+4.82617E+00,-397.03E-03
-300.80E-03,-2.61328E+00,+4.82422E+00,+602.97E-03
-299.80E-03,+4.41797E+00,+4.23633E+00,+4.54438E+00
-298.80E-03,+4.41797E+00,+1.51562E+00,+4.56000E+00
-297.80E-03,+4.41797E+00,-85.94E-03,+4.56000E+00
-296.80E-03,+4.41797E+00,-85.94E-03,+4.56000E+00
-295.80E-03,+4.41797E+00,-85.94E-03,+4.56000E+00
-294.80E-03,+4.41797E+00,-85.94E-03,+4.56000E+00
-293.80E-03,+4.41602E+00,-85.94E-03,+4.56000E+00
-292.80E-03,+4.41016E+00,-85.94E-03,+4.56000E+00
-291.80E-03,+4.41602E+00,-85.94E-03,+4.56000E+00
-290.80E-03,+4.41016E+00,-85.94E-03,+4.56000E+00
-289.80E-03,+4.41797E+00,-85.94E-03,+4.56000E+00
-288.80E-03,+4.41797E+00,-85.94E-03,+4.56000E+00
-287.80E-03,+4.41797E+00,-85.94E-03,+4.56000E+00
-286.80E-03,+4.41602E+00,-85.94E-03,+4.56000E+00
-285.80E-03,+4.40820E+00,-85.94E-03,+4.56000E+00
-284.80E-03,+4.40820E+00,-85.94E-03,+4.56000E+00
-283.80E-03,+4.40820E+00,-85.94E-03,+4.56000E+00
-282.80E-03,+4.41016E+00,-85.94E-03,+4.56000E+00
-281.80E-03,+4.41602E+00,-85.94E-03,+4.56000E+00
-280.80E-03,+4.40820E+00,-85.94E-03,+4.56000E+00
-279.80E-03,+4.40820E+00,-85.94E-03,+4.55805E+00
-278.80E-03,+4.40820E+00,-83.98E-03,+4.55023E+00
-277.80E-03,+4.40820E+00,-76.17E-03,+4.55023E+00
-276.80E-03,+4.40820E+00,-76.17E-03,+4.55219E+00
-275.80E-03,+4.41016E+00,-78.13E-03,+4.55805E+00
-274.80E-03,+4.41602E+00,-85.94E-03,+4.55023E+00
-273.80E-03,+4.40820E+00,-85.94E-03,+4.55219E+00
-272.80E-03,+4.40820E+00,-85.94E-03,+4.56000E+00
-271.80E-03,+4.40820E+00,+742.19E-03,+4.56000E+00
-270.80E-03,+4.40820E+00,+4.20898E+00,+4.56000E+00
-269.80E-03,+4.40820E+00,+4.82617E+00,+4.56000E+00
-268.80E-03,+4.41016E+00,+4.82617E+00,+4.56000E+00
-267.80E-03,+4.41797E+00,+4.82617E+00,+4.56000E+00
-266.80E-03,+4.41602E+00,+4.82617E+00,+4.56000E+00
-265.80E-03,+4.40820E+00,+4.82617E+00,+4.56000E+00
-264.80E-03,+4.40820E+00,+4.82617E+00,+4.55805E+00
-263.80E-03,+4.41016E+00,+4.82422E+00,+4.55219E+00
-262.80E-03,+4.41602E+00,+4.81641E+00,+4.56000E+00
-261.80E-03,+4.40820E+00,+4.81836E+00,+4.56000E+00
-260.80E-03,+4.41016E+00,+4.82617E+00,+4.56000E+00
-259.80E-03,+4.41602E+00,+4.82617E+00,+4.56000E+00
-258.80E-03,+4.40820E+00,+4.82617E+00,+4.56000E+00
-257.80E-03,+4.40820E+00,+4.82617E+00,+4.56000E+00
-256.80E-03,+4.41016E+00,+4.82617E+00,+4.56000E+00
-255.80E-03,+4.41602E+00,+4.82617E+00,+4.56000E+00
-254.80E-03,+4.40820E+00,+4.82617E+00,+4.56000E+00
-253.80E-03,+4.40820E+00,+4.82617E+00,+4.56000E+00
-252.80E-03,+4.40820E+00,+4.82617E+00,+4.56000E+00
-251.80E-03,+4.41016E+00,+4.82617E+00,+4.56000E+00
-250.80E-03,+2.88672E+00,+4.82617E+00,+4.55219E+00
-249.80E-03,-3.47070E+00,+4.82617E+00,+4.51898E+00
-248.80E-03,-4.40039E+00,+4.82617E+00,+4.51117E+00
-247.80E-03,-4.40039E+00,+4.82617E+00,+4.51117E+00
-246.80E-03,-4.40039E+00,+4.82617E+00,+4.51117E+00
-245.80E-03,-4.40039E+00,+4.82422E+00,+4.51117E+00
-244.80E-03,-4.40039E+00,+4.77539E+00,+4.51313E+00
-243.80E-03,-4.39844E+00,+3.67773E+00,+4.51898E+00
-242.80E-03,-4.39258E+00,-62.50E-03,+4.51117E+00
-241.80E-03,-4.40039E+00,-85.94E-03,+4.51117E+00
-240.80E-03,-4.39844E+00,-85.94E-03,+4.51117E+00
-239.80E-03,-4.39063E+00,-85.94E-03,+4.51117E+00
-238.80E-03,-4.39258E+00,-83.98E-03,+4.51117E+00
-237.80E-03,-4.39844E+00,-78.13E-03,+4.51313E+00
-236.80E-03,-4.39063E+00,-83.98E-03,+4.51898E+00
-235.80E-03,-4.39063E+00,-76.17E-03,+4.51117E+00
-234.80E-03,-4.39063E+00,-76.17E-03,+4.51117E+00
-233.80E-03,-4.39063E+00,-76.17E-03,+4.51117E+00
-232.80E-03,-4.39063E+00,-76.17E-03,+4.51117E+00
-231.80E-03,-4.39063E+00,-76.17E-03,+4.51117E+00
-230.80E-03,-4.39063E+00,-76.17E-03,+4.51117E+00
-229.80E-03,-4.39063E+00,-76.17E-03,+4.50922E+00
-228.80E-03,-4.39063E+00,-76.17E-03,+4.50336E+00
-227.80E-03,-4.39063E+00,-76.17E-03,+4.51117E+00
-226.80E-03,-4.39063E+00,-76.17E-03,+4.51117E+00
-225.80E-03,-4.39063E+00,-76.17E-03,+4.51117E+00
-224.80E-03,-4.39063E+00,-76.17E-03,+4.51117E+00
-223.80E-03,-4.39063E+00,-76.17E-03,+4.51117E+00
-222.80E-03,-4.39258E+00,-76.17E-03,+4.51117E+00
-221.80E-03,-4.40039E+00,-76.17E-03,+4.51117E+00
-220.80E-03,-4.40039E+00,-76.17E-03,+4.51117E+00
-219.80E-03,-4.40039E+00,-76.17E-03,+4.51117E+00
-218.80E-03,-4.39844E+00,-76.17E-03,+4.51117E+00
-217.80E-03,-4.39258E+00,-76.17E-03,+4.50922E+00
-216.80E-03,-4.39844E+00,+207.03E-03,+4.50336E+00
-215.80E-03,-4.39063E+00,+2.03711E+00,+4.51117E+00
-214.80E-03,-4.39063E+00,+4.82617E+00,+4.51117E+00
-213.80E-03,-4.39063E+00,+4.82617E+00,+4.51117E+00
-212.80E-03,-4.39063E+00,+4.82617E+00,+4.51313E+00
-211.80E-03,-4.39063E+00,+4.82617E+00,+4.51898E+00
-210.80E-03,-4.39063E+00,+4.82617E+00,+4.51117E+00
-209.80E-03,-4.39258E+00,+4.82617E+00,+4.51313E+00
-208.80E-03,-4.40039E+00,+4.82422E+00,+4.51898E+00
-207.80E-03,-4.40039E+00,+4.81641E+00,+4.51313E+00
-206.80E-03,-4.40039E+00,+4.81641E+00,+4.52094E+00
-205.80E-03,-4.40039E+00,+4.81836E+00,+4.51898E+00
-204.80E-03,-4.40039E+00,+4.82617E+00,+4.51117E+00
-203.80E-03,-4.40039E+00,+4.82617E+00,+4.51117E+00
-202.80E-03,-4.40039E+00,+4.82617E+00,+4.51313E+00
-201.80E-03,-4.36523E+00,+4.82617E+00,+4.51898E+00
-200.80E-03,-2.49805E+00,+4.82617E+00,+4.52094E+00
-199.80E-03,+4.41016E+00,+4.82617E+00,+4.56000E+00
-198.80E-03,+4.41797E+00,+4.82617E+00,+4.56000E+00
-197.80E-03,+4.41797E+00,+4.82617E+00,+4.56000E+00
-196.80E-03,+4.41797E+00,+4.82617E+00,+4.56000E+00
-195.80E-03,+4.41602E+00,+4.82617E+00,+4.56195E+00
-194.80E-03,+4.41016E+00,+4.82617E+00,+4.56781E+00
-193.80E-03,+4.41797E+00,+4.82617E+00,+4.56195E+00
-192.80E-03,+4.41797E+00,+4.82617E+00,+4.56977E+00
-191.80E-03,+4.41797E+00,+4.82617E+00,+4.56977E+00
-190.80E-03,+4.41797E+00,+4.82617E+00,+4.56781E+00
-189.80E-03,+4.41797E+00,+4.82617E+00,+4.56000E+00
-188.80E-03,+4.41602E+00,+4.35937E+00,+4.56000E+00
-187.80E-03,+4.40820E+00,+1.97656E+00,+4.56195E+00
-186.80E-03,+4.41016E+00,-85.94E-03,+4.56781E+00
-185.80E-03,+4.41797E+00,-85.94E-03,+4.56000E+00
-184.80E-03,+4.41602E+00,-85.94E-03,+4.56195E+00
-183.80E-03,+4.41016E+00,-83.98E-03,+4.56781E+00
-182.80E-03,+4.41797E+00,-76.17E-03,+4.56000E+00
-181.80E-03,+4.41797E+00,-76.17E-03,+4.56000E+00
-180.80E-03,+4.41797E+00,-76.17E-03,+4.56000E+00
-179.80E-03,+4.41797E+00,-78.13E-03,+4.56000E+00
-178.80E-03,+4.41602E+00,-83.98E-03,+4.56000E+00
-177.80E-03,+4.40820E+00,-78.13E-03,+4.56000E+00
-176.80E-03,+4.41016E+00,-83.98E-03,+4.56000E+00
-175.80E-03,+4.41797E+00,-76.17E-03,+4.56000E+00
-174.80E-03,+4.41797E+00,-76.17E-03,+4.56195E+00
-173.80E-03,+4.41797E+00,-76.17E-03,+4.56977E+00
-172.80E-03,+4.41797E+00,-76.17E-03,+4.56781E+00
-171.80E-03,+4.41797E+00,-76.17E-03,+4.56195E+00
-170.80E-03,+4.41602E+00,-76.17E-03,+4.56977E+00
-169.80E-03,+4.40820E+00,-76.17E-03,+4.56977E+00
-168.80E-03,+4.40820E+00,-76.17E-03,+4.56977E+00
-167.80E-03,+4.40820E+00,-76.17E-03,+4.56977E+00
-166.80E-03,+4.40820E+00,-76.17E-03,+4.56977E+00
-165.80E-03,+4.41016E+00,-76.17E-03,+4.56977E+00
-164.80E-03,+4.41797E+00,-76.17E-03,+4.56977E+00
-163.80E-03,+4.41797E+00,-76.17E-03,+4.56977E+00
-162.80E-03,+4.41797E+00,-76.17E-03,+4.56977E+00
-161.80E-03,+4.41602E+00,-76.17E-03,+4.56781E+00
-160.80E-03,+4.40820E+00,+642.58E-03,+4.56195E+00
-159.80E-03,+4.41016E+00,+3.77930E+00,+4.56781E+00
-158.80E-03,+4.41797E+00,+4.82617E+00,+4.56195E+00
-157.80E-03,+4.41602E+00,+4.82617E+00,+4.56977E+00
-156.80E-03,+4.40820E+00,+4.82617E+00,+4.56977E+00
-155.80E-03,+4.40820E+00,+4.82617E+00,+4.56977E+00
-154.80E-03,+4.40820E+00,+4.82617E+00,+4.56781E+00
-153.80E-03,+4.41016E+00,+4.82617E+00,+4.56195E+00
-152.80E-03,+4.41602E+00,+4.82617E+00,+4.56977E+00
-151.80E-03,+4.40820E+00,+4.82617E+00,+4.56977E+00
-150.80E-03,+2.87109E+00,+4.82617E+00,+4.56000E+00
-149.80E-03,-3.50195E+00,+4.82617E+00,+4.52094E+00
-148.80E-03,-4.39844E+00,+4.82617E+00,+4.52094E+00
-147.80E-03,-4.39258E+00,+4.82617E+00,+4.52094E+00
-146.80E-03,-4.39844E+00,+4.82617E+00,+4.52094E+00
-145.80E-03,-4.39063E+00,+4.82617E+00,+4.52094E+00
-144.80E-03,-4.39063E+00,+4.82617E+00,+4.52094E+00
-143.80E-03,-4.39258E+00,+4.82617E+00,+4.52094E+00
-142.80E-03,-4.39844E+00,+4.82617E+00,+4.51898E+00
-141.80E-03,-4.39063E+00,+4.82617E+00,+4.51313E+00
-140.80E-03,-4.39063E+00,+4.82617E+00,+4.52094E+00
-139.80E-03,-4.39063E+00,+4.82617E+00,+4.52094E+00
-138.80E-03,-4.39063E+00,+4.82617E+00,+4.52094E+00
-137.80E-03,-4.39063E+00,+4.82617E+00,+4.52094E+00
-136.80E-03,-4.39258E+00,+4.82617E+00,+4.51898E+00
-135.80E-03,-4.40039E+00,+4.82617E+00,+4.51117E+00
-134.80E-03,-4.40039E+00,+4.82617E+00,+4.51313E+00
-133.80E-03,-4.39844E+00,+4.82617E+00,+4.52094E+00
-132.80E-03,-4.39063E+00,+3.92383E+00,+4.52094E+00
-131.80E-03,-4.39063E+00,+234.37E-03,+4.52094E+00
-130.80E-03,-4.39063E+00,-83.98E-03,+4.52094E+00
-129.80E-03,-4.39258E+00,-78.13E-03,+4.52094E+00
-128.80E-03,-4.40039E+00,-83.98E-03,+4.52094E+00
-127.80E-03,-4.40039E+00,-76.17E-03,+4.52094E+00
-126.80E-03,-4.39844E+00,-76.17E-03,+4.52094E+00
-125.80E-03,-4.39063E+00,-76.17E-03,+4.52094E+00
-124.80E-03,-4.39063E+00,-76.17E-03,+4.51898E+00
-123.80E-03,-4.39063E+00,-76.17E-03,+4.51117E+00
-122.80E-03,-4.39063E+00,-76.17E-03,+4.51117E+00
-121.80E-03,-4.39258E+00,-76.17E-03,+4.51117E+00
-120.80E-03,-4.39844E+00,-76.17E-03,+4.51313E+00
-119.80E-03,-4.39063E+00,-78.13E-03,+4.52094E+00
-118.80E-03,-4.39063E+00,-85.94E-03,+4.52094E+00
-117.80E-03,-4.39063E+00,-83.98E-03,+4.52094E+00
-116.80E-03,-4.39063E+00,-76.17E-03,+4.52094E+00
-115.80E-03,-4.39063E+00,-76.17E-03,+4.52094E+00
-114.80E-03,-4.39063E+00,-76.17E-03,+4.52094E+00
-113.80E-03,-4.39063E+00,-76.17E-03,+4.52094E+00
-112.80E-03,-4.39063E+00,-76.17E-03,+4.51898E+00
-111.80E-03,-4.39063E+00,-76.17E-03,+4.51313E+00
-110.80E-03,-4.39063E+00,-76.17E-03,+4.52094E+00
-109.80E-03,-4.39063E+00,-76.17E-03,+4.51898E+00
-108.80E-03,-4.39258E+00,-76.17E-03,+4.51117E+00
-107.80E-03,-4.39844E+00,-76.17E-03,+4.51313E+00
-106.80E-03,-4.39063E+00,-76.17E-03,+4.51898E+00
-105.80E-03,-4.39063E+00,+97.66E-03,+4.51313E+00
-104.80E-03,-4.39063E+00,+1.59961E+00,+4.52094E+00
-103.80E-03,-4.39063E+00,+4.82617E+00,+4.52094E+00
-102.80E-03,-4.39258E+00,+4.82617E+00,+4.51898E+00
-101.80E-03,-4.38281E+00,+4.82617E+00,+4.51313E+00
-100.80E-03,-2.56641E+00,+4.82617E+00,+4.52875E+00
-99.80E-03,+4.41797E+00,+4.82422E+00,+4.56000E+00
-98.80E-03,+4.41797E+00,+4.81836E+00,+4.56195E+00
-97.80E-03,+4.41797E+00,+4.82422E+00,+4.56781E+00
-96.80E-03,+4.41797E+00,+4.81641E+00,+4.56000E+00
-95.80E-03,+4.41797E+00,+4.81641E+00,+4.56000E+00
-94.80E-03,+4.41797E+00,+4.81836E+00,+4.56000E+00
-93.80E-03,+4.41797E+00,+4.82422E+00,+4.56195E+00
-92.80E-03,+4.41797E+00,+4.81836E+00,+4.56977E+00
-91.80E-03,+4.41602E+00,+4.82617E+00,+4.56977E+00
-90.80E-03,+4.40820E+00,+4.82617E+00,+4.56781E+00
-89.80E-03,+4.40820E+00,+4.82422E+00,+4.56000E+00
-88.80E-03,+4.41016E+00,+4.81836E+00,+4.56000E+00
-87.80E-03,+4.41797E+00,+4.82617E+00,+4.56000E+00
-86.80E-03,+4.41797E+00,+4.82422E+00,+4.56000E+00
-85.80E-03,+4.41602E+00,+4.81836E+00,+4.56000E+00
-84.80E-03,+4.40820E+00,+4.82422E+00,+4.56195E+00
-83.80E-03,+4.40820E+00,+4.81641E+00,+4.56781E+00
-82.80E-03,+4.41016E+00,+4.81836E+00,+4.56000E+00
-81.80E-03,+4.41797E+00,+4.82617E+00,+4.56000E+00
-80.80E-03,+4.41602E+00,+4.82617E+00,+4.56000E+00
-79.80E-03,+4.41016E+00,+4.82422E+00,+4.56000E+00
-78.80E-03,+4.41602E+00,+4.81641E+00,+4.56000E+00
-77.80E-03,+4.40820E+00,+4.45703E+00,+4.56000E+00
-76.80E-03,+4.40820E+00,+2.39844E+00,+4.55805E+00
-75.80E-03,+4.40820E+00,-85.94E-03,+4.55219E+00
-74.80E-03,+4.40820E+00,-85.94E-03,+4.56000E+00
-73.80E-03,+4.40820E+00,-85.94E-03,+4.56000E+00
-72.80E-03,+4.40820E+00,-85.94E-03,+4.55805E+00
-71.80E-03,+4.40820E+00,-85.94E-03,+4.55219E+00
-70.80E-03,+4.40625E+00,-85.94E-03,+4.56000E+00
-69.80E-03,+4.40039E+00,-83.98E-03,+4.56000E+00
-68.80E-03,+4.40820E+00,-78.13E-03,+4.56000E+00
-67.80E-03,+4.40820E+00,-85.94E-03,+4.56000E+00
-66.80E-03,+4.40820E+00,-85.94E-03,+4.56000E+00
-65.80E-03,+4.40820E+00,-85.94E-03,+4.56000E+00
-64.80E-03,+4.40820E+00,-85.94E-03,+4.56000E+00
-63.80E-03,+4.40820E+00,-85.94E-03,+4.56000E+00
-62.80E-03,+4.40820E+00,-85.94E-03,+4.56000E+00
-61.80E-03,+4.40820E+00,-83.98E-03,+4.56000E+00
-60.80E-03,+4.40820E+00,-76.17E-03,+4.56000E+00
-59.80E-03,+4.40820E+00,-76.17E-03,+4.56000E+00
-58.80E-03,+4.40820E+00,-76.17E-03,+4.56000E+00
-57.80E-03,+4.40820E+00,-76.17E-03,+4.56000E+00
-56.80E-03,+4.40820E+00,-76.17E-03,+4.56000E+00
-55.80E-03,+4.40820E+00,-76.17E-03,+4.56000E+00
-54.80E-03,+4.40820E+00,-76.17E-03,+4.56195E+00
-53.80E-03,+4.40820E+00,-76.17E-03,+4.56781E+00
-52.80E-03,+4.40820E+00,-76.17E-03,+4.56000E+00
-51.80E-03,+4.40625E+00,-76.17E-03,+4.56000E+00
-50.80E-03,+2.85547E+00,-76.17E-03,+4.55219E+00
-49.80E-03,-3.53320E+00,+531.25E-03,+4.51898E+00
-48.80E-03,-4.40039E+00,+3.33594E+00,+4.51117E+00
-47.80E-03,-4.40039E+00,+4.83398E+00,+4.51313E+00
-46.80E-03,-4.40039E+00,+4.82617E+00,+4.52094E+00
-45.80E-03,-4.39844E+00,+4.82617E+00,+4.52094E+00
-44.80E-03,-4.39063E+00,+4.82617E+00,+4.52094E+00
-43.80E-03,-4.39258E+00,+4.82422E+00,+4.51898E+00
-42.80E-03,-4.39844E+00,+4.81836E+00,+4.51117E+00
-41.80E-03,-4.39063E+00,+4.82617E+00,+4.51313E+00
-40.80E-03,-4.39063E+00,+4.82422E+00,+4.52094E+00
-39.80E-03,-4.39063E+00,+4.81836E+00,+4.52094E+00
-38.80E-03,-4.39063E+00,+4.82617E+00,+4.51898E+00
-37.80E-03,-4.39063E+00,+4.82617E+00,+4.51117E+00
-36.80E-03,-4.39258E+00,+4.82422E+00,+4.51117E+00
-35.80E-03,-4.40039E+00,+4.81836E+00,+4.51313E+00
-34.80E-03,-4.39844E+00,+4.82617E+00,+4.51898E+00
-33.80E-03,-4.39258E+00,+4.82617E+00,+4.51313E+00
-32.80E-03,-4.39844E+00,+4.82422E+00,+4.52094E+00
-31.80E-03,-4.39063E+00,+4.81641E+00,+4.52094E+00
-30.80E-03,-4.39063E+00,+4.81641E+00,+4.52094E+00
-29.80E-03,-4.39063E+00,+4.81836E+00,+4.51898E+00
-28.80E-03,-4.39258E+00,+4.82617E+00,+4.51313E+00
-27.80E-03,-4.39844E+00,+4.82422E+00,+4.52094E+00
-26.80E-03,-4.39063E+00,+4.81641E+00,+4.51898E+00
-25.80E-03,-4.39063E+00,+4.81836E+00,+4.51117E+00
-24.80E-03,-4.39258E+00,+4.82422E+00,+4.51117E+00
-23.80E-03,-4.40039E+00,+4.81836E+00,+4.51313E+00
-22.80E-03,-4.40039E+00,+4.82617E+00,+4.51898E+00
-21.80E-03,-4.40039E+00,+4.03320E+00,+4.51117E+00
-20.80E-03,-4.39844E+00,+671.87E-03,+4.51117E+00
-19.80E-03,-4.39258E+00,-85.94E-03,+4.51117E+00
-18.80E-03,-4.39844E+00,-85.94E-03,+4.51117E+00
-17.80E-03,-4.39063E+00,-85.94E-03,+4.51117E+00
-16.80E-03,-4.39063E+00,-85.94E-03,+4.51117E+00
-15.80E-03,-4.39063E+00,-85.94E-03,+4.51313E+00
-14.80E-03,-4.39063E+00,-83.98E-03,+4.52094E+00
-13.80E-03,-4.39063E+00,-76.17E-03,+4.52094E+00
-12.80E-03,-4.39063E+00,-76.17E-03,+4.52094E+00
-11.80E-03,-4.39063E+00,-76.17E-03,+4.52094E+00
-10.80E-03,-4.39063E+00,-76.17E-03,+4.51898E+00
-9.80E-03,-4.39063E+00,-76.17E-03,+4.51313E+00
-8.80E-03,-4.39063E+00,-76.17E-03,+4.52094E+00
-7.80E-03,-4.39063E+00,-78.13E-03,+4.51898E+00
-6.80E-03,-4.39063E+00,-83.98E-03,+4.51117E+00
-5.80E-03,-4.39258E+00,-76.17E-03,+4.51117E+00
-4.80E-03,-4.40039E+00,-76.17E-03,+4.51117E+00
-3.80E-03,-4.39844E+00,-76.17E-03,+4.51117E+00
-2.80E-03,-4.39063E+00,-76.17E-03,+4.51117E+00
-1.80E-03,-4.36523E+00,-76.17E-03,+4.49750E+00
-800E-06,-2.52734E+00,-78.13E-03,+3.47992E+00
+200E-06,+4.41797E+00,-85.94E-03,-375.55E-03
+1.20E-03,+4.41797E+00,-85.94E-03,-391.17E-03
+2.20E-03,+4.41797E+00,-85.94E-03,-393.12E-03
+3.20E-03,+4.41797E+00,-85.94E-03,-400.94E-03
+4.20E-03,+4.41797E+00,-83.98E-03,-398.98E-03
+5.20E-03,+4.41797E+00,-11.72E-03,-391.17E-03
+6.20E-03,+4.41797E+00,+1.16016E+00,-391.17E-03
+7.20E-03,+4.41797E+00,+4.81836E+00,-391.17E-03
+8.20E-03,+4.41797E+00,+4.82617E+00,-393.12E-03
+9.20E-03,+4.41797E+00,+4.82617E+00,-400.94E-03
+10.20E-03,+4.41797E+00,+4.82617E+00,-400.94E-03
+11.20E-03,+4.41797E+00,+4.82617E+00,-400.94E-03
+12.20E-03,+4.41797E+00,+4.82617E+00,-400.94E-03
+13.20E-03,+4.41797E+00,+4.82617E+00,-398.98E-03
+14.20E-03,+4.41797E+00,+4.82617E+00,-391.17E-03
+15.20E-03,+4.41797E+00,+4.82617E+00,-393.12E-03
+16.20E-03,+4.41797E+00,+4.82617E+00,-400.94E-03
+17.20E-03,+4.41602E+00,+4.82617E+00,-400.94E-03
+18.20E-03,+4.40820E+00,+4.82617E+00,-400.94E-03
+19.20E-03,+4.40820E+00,+4.82617E+00,-400.94E-03
+20.20E-03,+4.40820E+00,+4.82617E+00,-398.98E-03
+21.20E-03,+4.40820E+00,+4.82617E+00,-393.12E-03
+22.20E-03,+4.40820E+00,+4.82422E+00,-400.94E-03
+23.20E-03,+4.40820E+00,+4.81836E+00,-400.94E-03
+24.20E-03,+4.41016E+00,+4.82617E+00,-400.94E-03
+25.20E-03,+4.41602E+00,+4.82617E+00,-400.94E-03
+26.20E-03,+4.40820E+00,+4.82617E+00,-398.98E-03
+27.20E-03,+4.41016E+00,+4.82617E+00,-393.12E-03
+28.20E-03,+4.41602E+00,+4.82617E+00,-400.94E-03
+29.20E-03,+4.40820E+00,+4.82617E+00,-398.98E-03
+30.20E-03,+4.41016E+00,+4.82617E+00,-391.17E-03
+31.20E-03,+4.41797E+00,+4.82617E+00,-393.12E-03
+32.20E-03,+4.41797E+00,+4.82617E+00,-400.94E-03
+33.20E-03,+4.41602E+00,+4.58008E+00,-400.94E-03
+34.20E-03,+4.40820E+00,+2.85937E+00,-400.94E-03
+35.20E-03,+4.40820E+00,-85.94E-03,-398.98E-03
+36.20E-03,+4.40820E+00,-85.94E-03,-391.17E-03
+37.20E-03,+4.41016E+00,-85.94E-03,-393.12E-03
+38.20E-03,+4.41797E+00,-85.94E-03,-400.94E-03
+39.20E-03,+4.41602E+00,-83.98E-03,-398.98E-03
+40.20E-03,+4.41016E+00,-78.13E-03,-391.17E-03
+41.20E-03,+4.41797E+00,-85.94E-03,-393.12E-03
+42.20E-03,+4.41602E+00,-85.94E-03,-400.94E-03
+43.20E-03,+4.40820E+00,-83.98E-03,-400.94E-03
+44.20E-03,+4.41016E+00,-76.17E-03,-400.94E-03
+45.20E-03,+4.41797E+00,-76.17E-03,-400.94E-03
+46.20E-03,+4.41797E+00,-76.17E-03,-400.94E-03
+47.20E-03,+4.41602E+00,-78.13E-03,-402.89E-03
+48.20E-03,+4.41016E+00,-85.94E-03,-410.70E-03
+49.20E-03,+2.88477E+00,-85.94E-03,-410.70E-03
+50.20E-03,-3.47852E+00,-85.94E-03,-410.70E-03
+51.20E-03,-4.40039E+00,-83.98E-03,-408.75E-03
+52.20E-03,-4.39844E+00,-76.17E-03,-402.89E-03
+53.20E-03,-4.39063E+00,-76.17E-03,-410.70E-03
+54.20E-03,-4.39063E+00,-78.13E-03,-410.70E-03
+55.20E-03,-4.39063E+00,-85.94E-03,-408.75E-03
+56.20E-03,-4.39063E+00,-85.94E-03,-400.94E-03
+57.20E-03,-4.39063E+00,-85.94E-03,-400.94E-03
+58.20E-03,-4.39063E+00,-83.98E-03,-400.94E-03
+59.20E-03,-4.39063E+00,-76.17E-03,-400.94E-03
+60.20E-03,-4.39063E+00,-78.13E-03,-400.94E-03
+61.20E-03,-4.39063E+00,+416.02E-03,-400.94E-03
+62.20E-03,-4.39063E+00,+2.90625E+00,-400.94E-03
+63.20E-03,-4.39063E+00,+4.83398E+00,-400.94E-03
+64.20E-03,-4.39063E+00,+4.82617E+00,-400.94E-03
+65.20E-03,-4.39063E+00,+4.82617E+00,-402.89E-03
+66.20E-03,-4.39063E+00,+4.82617E+00,-408.75E-03
+67.20E-03,-4.39063E+00,+4.82617E+00,-402.89E-03
+68.20E-03,-4.39063E+00,+4.82617E+00,-408.75E-03
+69.20E-03,-4.39063E+00,+4.82617E+00,-400.94E-03
+70.20E-03,-4.39063E+00,+4.82617E+00,-400.94E-03
+71.20E-03,-4.39063E+00,+4.82617E+00,-400.94E-03
+72.20E-03,-4.39063E+00,+4.82422E+00,-400.94E-03
+73.20E-03,-4.39063E+00,+4.81641E+00,-400.94E-03
+74.20E-03,-4.39063E+00,+4.81641E+00,-400.94E-03
+75.20E-03,-4.39063E+00,+4.81836E+00,-400.94E-03
+76.20E-03,-4.39063E+00,+4.82422E+00,-400.94E-03
+77.20E-03,-4.38867E+00,+4.81836E+00,-400.94E-03
+78.20E-03,-4.38281E+00,+4.82617E+00,-400.94E-03
+79.20E-03,-4.39063E+00,+4.82617E+00,-400.94E-03
+80.20E-03,-4.39063E+00,+4.82422E+00,-400.94E-03
+81.20E-03,-4.39063E+00,+4.81836E+00,-400.94E-03
+82.20E-03,-4.39063E+00,+4.82617E+00,-400.94E-03
+83.20E-03,-4.39063E+00,+4.82617E+00,-400.94E-03
+84.20E-03,-4.39063E+00,+4.82422E+00,-400.94E-03
+85.20E-03,-4.39063E+00,+4.81836E+00,-400.94E-03
+86.20E-03,-4.39063E+00,+4.82617E+00,-400.94E-03
+87.20E-03,-4.39063E+00,+4.82617E+00,-400.94E-03
+88.20E-03,-4.39063E+00,+4.82617E+00,-400.94E-03
+89.20E-03,-4.39063E+00,+4.14062E+00,-400.94E-03
+90.20E-03,-4.39063E+00,+1.10156E+00,-400.94E-03
+91.20E-03,-4.39063E+00,-85.94E-03,-400.94E-03
+92.20E-03,-4.39063E+00,-85.94E-03,-400.94E-03
+93.20E-03,-4.39063E+00,-85.94E-03,-400.94E-03
+94.20E-03,-4.39063E+00,-85.94E-03,-400.94E-03
+95.20E-03,-4.39063E+00,-85.94E-03,-400.94E-03
+96.20E-03,-4.39063E+00,-83.98E-03,-400.94E-03
+97.20E-03,-4.39063E+00,-78.13E-03,-400.94E-03
+98.20E-03,-4.38086E+00,-85.94E-03,-400.94E-03
+99.20E-03,-2.58984E+00,-85.94E-03,-398.98E-03
+100.20E-03,+4.41797E+00,-85.94E-03,-393.12E-03
+101.20E-03,+4.41797E+00,-85.94E-03,-400.94E-03
+102.20E-03,+4.41797E+00,-83.98E-03,-400.94E-03
+103.20E-03,+4.41797E+00,-76.17E-03,-398.98E-03
+104.20E-03,+4.41797E+00,-78.13E-03,-391.17E-03
+105.20E-03,+4.41797E+00,-85.94E-03,-393.12E-03
+106.20E-03,+4.41797E+00,-85.94E-03,-398.98E-03
+107.20E-03,+4.41602E+00,-85.94E-03,-393.12E-03
+108.20E-03,+4.40820E+00,-85.94E-03,-400.94E-03
+109.20E-03,+4.40820E+00,-85.94E-03,-400.94E-03
+110.20E-03,+4.40820E+00,-83.98E-03,-400.94E-03
+111.20E-03,+4.40820E+00,-76.17E-03,-400.94E-03
+112.20E-03,+4.40820E+00,-76.17E-03,-400.94E-03
+113.20E-03,+4.41016E+00,-76.17E-03,-398.98E-03
+114.20E-03,+4.41602E+00,-76.17E-03,-391.17E-03
+115.20E-03,+4.40820E+00,-76.17E-03,-391.17E-03
+116.20E-03,+4.41016E+00,-76.17E-03,-391.17E-03
+117.20E-03,+4.41797E+00,+857.42E-03,-391.17E-03
+118.20E-03,+4.41602E+00,+4.64063E+00,-393.12E-03
+119.20E-03,+4.40820E+00,+4.83398E+00,-400.94E-03
+120.20E-03,+4.40820E+00,+4.82617E+00,-400.94E-03
+121.20E-03,+4.41016E+00,+4.82617E+00,-398.98E-03
+122.20E-03,+4.41602E+00,+4.82617E+00,-391.17E-03
+123.20E-03,+4.40820E+00,+4.82617E+00,-391.17E-03
+124.20E-03,+4.40820E+00,+4.82617E+00,-391.17E-03
+125.20E-03,+4.40820E+00,+4.82617E+00,-393.12E-03
+126.20E-03,+4.40820E+00,+4.82617E+00,-400.94E-03
+127.20E-03,+4.40820E+00,+4.82617E+00,-400.94E-03
+128.20E-03,+4.40820E+00,+4.82617E+00,-400.94E-03
+129.20E-03,+4.40820E+00,+4.82617E+00,-398.98E-03
+130.20E-03,+4.40820E+00,+4.82617E+00,-391.17E-03
+131.20E-03,+4.40820E+00,+4.82617E+00,-393.12E-03
+132.20E-03,+4.40820E+00,+4.82617E+00,-400.94E-03
+133.20E-03,+4.40820E+00,+4.82617E+00,-400.94E-03
+134.20E-03,+4.40820E+00,+4.82617E+00,-398.98E-03
+135.20E-03,+4.40820E+00,+4.82422E+00,-391.17E-03
+136.20E-03,+4.40820E+00,+4.81836E+00,-391.17E-03
+137.20E-03,+4.40820E+00,+4.82617E+00,-393.12E-03
+138.20E-03,+4.40820E+00,+4.82617E+00,-400.94E-03
+139.20E-03,+4.40820E+00,+4.82617E+00,-400.94E-03
+140.20E-03,+4.40820E+00,+4.82617E+00,-400.94E-03
+141.20E-03,+4.40820E+00,+4.82617E+00,-398.98E-03
+142.20E-03,+4.40820E+00,+4.82422E+00,-393.12E-03
+143.20E-03,+4.40820E+00,+4.81641E+00,-398.98E-03
+144.20E-03,+4.40820E+00,+4.67969E+00,-391.17E-03
+145.20E-03,+4.40820E+00,+3.29102E+00,-391.17E-03
+146.20E-03,+4.40820E+00,-78.13E-03,-393.12E-03
+147.20E-03,+4.40820E+00,-83.98E-03,-400.94E-03
+148.20E-03,+4.40820E+00,-76.17E-03,-398.98E-03
+149.20E-03,+2.87109E+00,-76.17E-03,-393.12E-03
+150.20E-03,-3.50195E+00,-76.17E-03,-400.94E-03
+151.20E-03,-4.40039E+00,-78.13E-03,-400.94E-03
+152.20E-03,-4.40039E+00,-85.94E-03,-400.94E-03
+153.20E-03,-4.40039E+00,-85.94E-03,-400.94E-03
+154.20E-03,-4.40039E+00,-85.94E-03,-400.94E-03
+155.20E-03,-4.40039E+00,-83.98E-03,-400.94E-03
+156.20E-03,-4.39844E+00,-78.13E-03,-400.94E-03
+157.20E-03,-4.39063E+00,-85.94E-03,-400.94E-03
+158.20E-03,-4.39258E+00,-85.94E-03,-400.94E-03
+159.20E-03,-4.40039E+00,-85.94E-03,-400.94E-03
+160.20E-03,-4.40039E+00,-85.94E-03,-400.94E-03
+161.20E-03,-4.39844E+00,-83.98E-03,-400.94E-03
+162.20E-03,-4.39063E+00,-76.17E-03,-400.94E-03
+163.20E-03,-4.39063E+00,-76.17E-03,-400.94E-03
+164.20E-03,-4.39063E+00,-76.17E-03,-398.98E-03
+165.20E-03,-4.39063E+00,-76.17E-03,-393.12E-03
+166.20E-03,-4.39063E+00,-76.17E-03,-400.94E-03
+167.20E-03,-4.39063E+00,-76.17E-03,-400.94E-03
+168.20E-03,-4.39063E+00,-76.17E-03,-400.94E-03
+169.20E-03,-4.39063E+00,-76.17E-03,-400.94E-03
+170.20E-03,-4.39063E+00,-76.17E-03,-400.94E-03
+171.20E-03,-4.39258E+00,-76.17E-03,-400.94E-03
+172.20E-03,-4.39844E+00,+310.55E-03,-400.94E-03
+173.20E-03,-4.39063E+00,+2.45117E+00,-400.94E-03
+174.20E-03,-4.39063E+00,+4.82617E+00,-400.94E-03
+175.20E-03,-4.39063E+00,+4.82617E+00,-400.94E-03
+176.20E-03,-4.39258E+00,+4.82617E+00,-400.94E-03
+177.20E-03,-4.40039E+00,+4.82617E+00,-400.94E-03
+178.20E-03,-4.40039E+00,+4.82617E+00,-400.94E-03
+179.20E-03,-4.40039E+00,+4.82617E+00,-400.94E-03
+180.20E-03,-4.40039E+00,+4.82617E+00,-400.94E-03
+181.20E-03,-4.39844E+00,+4.82617E+00,-400.94E-03
+182.20E-03,-4.39063E+00,+4.82617E+00,-400.94E-03
+183.20E-03,-4.39063E+00,+4.82617E+00,-400.94E-03
+184.20E-03,-4.39063E+00,+4.82617E+00,-400.94E-03
+185.20E-03,-4.39063E+00,+4.82617E+00,-400.94E-03
+186.20E-03,-4.39258E+00,+4.82617E+00,-400.94E-03
+187.20E-03,-4.39844E+00,+4.82422E+00,-400.94E-03
+188.20E-03,-4.39258E+00,+4.81836E+00,-400.94E-03
+189.20E-03,-4.40039E+00,+4.82617E+00,-400.94E-03
+190.20E-03,-4.40039E+00,+4.82617E+00,-400.94E-03
+191.20E-03,-4.40039E+00,+4.82617E+00,-400.94E-03
+192.20E-03,-4.40039E+00,+4.82617E+00,-400.94E-03
+193.20E-03,-4.40039E+00,+4.82617E+00,-400.94E-03
+194.20E-03,-4.40039E+00,+4.82617E+00,-400.94E-03
+195.20E-03,-4.40039E+00,+4.82617E+00,-400.94E-03
+196.20E-03,-4.40039E+00,+4.82617E+00,-398.98E-03
+197.20E-03,-4.39844E+00,+4.82617E+00,-391.17E-03
+198.20E-03,-4.39258E+00,+4.82617E+00,-391.17E-03
+199.20E-03,-2.64258E+00,+4.82617E+00,+595.16E-03
+200.20E-03,+4.39453E+00,+4.25391E+00,+4.54438E+00
+201.20E-03,+4.41797E+00,+1.55469E+00,+4.56000E+00
+202.20E-03,+4.41797E+00,-85.94E-03,+4.56000E+00
+203.20E-03,+4.41797E+00,-85.94E-03,+4.56000E+00
+204.20E-03,+4.41797E+00,-85.94E-03,+4.56000E+00
+205.20E-03,+4.41797E+00,-85.94E-03,+4.56000E+00
+206.20E-03,+4.41797E+00,-85.94E-03,+4.56000E+00
+207.20E-03,+4.41797E+00,-85.94E-03,+4.56000E+00
+208.20E-03,+4.41602E+00,-85.94E-03,+4.56000E+00
+209.20E-03,+4.41016E+00,-83.98E-03,+4.56000E+00
+210.20E-03,+4.41602E+00,-76.17E-03,+4.55805E+00
+211.20E-03,+4.41016E+00,-76.17E-03,+4.55023E+00
+212.20E-03,+4.41602E+00,-78.13E-03,+4.55023E+00
+213.20E-03,+4.41016E+00,-83.98E-03,+4.55219E+00
+214.20E-03,+4.41797E+00,-76.17E-03,+4.56000E+00
+215.20E-03,+4.41797E+00,-78.13E-03,+4.56000E+00
+216.20E-03,+4.41602E+00,-85.94E-03,+4.56000E+00
+217.20E-03,+4.41016E+00,-83.98E-03,+4.56000E+00
+218.20E-03,+4.41602E+00,-78.13E-03,+4.56000E+00
+219.20E-03,+4.41016E+00,-85.94E-03,+4.55805E+00
+220.20E-03,+4.41602E+00,-85.94E-03,+4.55219E+00
+221.20E-03,+4.40820E+00,-85.94E-03,+4.56000E+00
+222.20E-03,+4.40820E+00,-85.94E-03,+4.56000E+00
+223.20E-03,+4.40820E+00,-83.98E-03,+4.56000E+00
+224.20E-03,+4.40820E+00,-78.13E-03,+4.56000E+00
+225.20E-03,+4.40820E+00,-85.94E-03,+4.56000E+00
+226.20E-03,+4.40820E+00,-83.98E-03,+4.55805E+00
+227.20E-03,+4.40820E+00,-78.13E-03,+4.55219E+00
+228.20E-03,+4.40820E+00,+738.28E-03,+4.56000E+00
+229.20E-03,+4.40820E+00,+4.19336E+00,+4.56000E+00
+230.20E-03,+4.40820E+00,+4.82617E+00,+4.56000E+00
+231.20E-03,+4.40820E+00,+4.82617E+00,+4.56000E+00
+232.20E-03,+4.40820E+00,+4.82422E+00,+4.56000E+00
+233.20E-03,+4.40820E+00,+4.81836E+00,+4.56000E+00
+234.20E-03,+4.40820E+00,+4.82617E+00,+4.56000E+00
+235.20E-03,+4.40820E+00,+4.82422E+00,+4.56000E+00
+236.20E-03,+4.41016E+00,+4.81641E+00,+4.56000E+00
+237.20E-03,+4.41602E+00,+4.81641E+00,+4.56000E+00
+238.20E-03,+4.40820E+00,+4.81836E+00,+4.56000E+00
+239.20E-03,+4.40820E+00,+4.82422E+00,+4.56000E+00
+240.20E-03,+4.40820E+00,+4.81641E+00,+4.56000E+00
+241.20E-03,+4.40820E+00,+4.81641E+00,+4.56000E+00
+242.20E-03,+4.40820E+00,+4.81641E+00,+4.55805E+00
+243.20E-03,+4.40820E+00,+4.81641E+00,+4.55219E+00
+244.20E-03,+4.40820E+00,+4.81641E+00,+4.56000E+00
+245.20E-03,+4.40820E+00,+4.81641E+00,+4.56000E+00
+246.20E-03,+4.40820E+00,+4.81641E+00,+4.56000E+00
+247.20E-03,+4.40820E+00,+4.81641E+00,+4.56000E+00
+248.20E-03,+4.40820E+00,+4.81641E+00,+4.56000E+00
+249.20E-03,+2.88672E+00,+4.81641E+00,+4.55219E+00
+250.20E-03,-3.43945E+00,+4.81641E+00,+4.52094E+00
+251.20E-03,-4.40039E+00,+4.81641E+00,+4.52094E+00
+252.20E-03,-4.40039E+00,+4.81836E+00,+4.51898E+00
+253.20E-03,-4.39844E+00,+4.82422E+00,+4.51313E+00
+254.20E-03,-4.39063E+00,+4.81836E+00,+4.51898E+00
+255.20E-03,-4.39258E+00,+4.79297E+00,+4.51117E+00
+256.20E-03,-4.39844E+00,+3.71680E+00,+4.51117E+00
+257.20E-03,-4.39063E+00,-62.50E-03,+4.51117E+00
+258.20E-03,-4.39258E+00,-85.94E-03,+4.51117E+00
+259.20E-03,-4.40039E+00,-85.94E-03,+4.51117E+00
+260.20E-03,-4.40039E+00,-85.94E-03,+4.51117E+00
+261.20E-03,-4.40039E+00,-83.98E-03,+4.51117E+00
+262.20E-03,-4.39844E+00,-78.13E-03,+4.51117E+00
+263.20E-03,-4.39063E+00,-83.98E-03,+4.51117E+00
+264.20E-03,-4.39063E+00,-78.13E-03,+4.51313E+00
+265.20E-03,-4.39063E+00,-83.98E-03,+4.52094E+00
+266.20E-03,-4.39063E+00,-78.13E-03,+4.52094E+00
+267.20E-03,-4.39063E+00,-83.98E-03,+4.51898E+00
+268.20E-03,-4.39063E+00,-76.17E-03,+4.51117E+00
+269.20E-03,-4.39063E+00,-76.17E-03,+4.51117E+00
+270.20E-03,-4.39258E+00,-76.17E-03,+4.51117E+00
+271.20E-03,-4.39844E+00,-78.13E-03,+4.51117E+00
+272.20E-03,-4.39063E+00,-83.98E-03,+4.51117E+00
+273.20E-03,-4.39063E+00,-78.13E-03,+4.51313E+00
+274.20E-03,-4.39063E+00,-85.94E-03,+4.52094E+00
+275.20E-03,-4.39063E+00,-85.94E-03,+4.51898E+00
+276.20E-03,-4.39063E+00,-85.94E-03,+4.51313E+00
+277.20E-03,-4.39063E+00,-83.98E-03,+4.52094E+00
+278.20E-03,-4.39063E+00,-76.17E-03,+4.51898E+00
+279.20E-03,-4.39063E+00,-78.13E-03,+4.51313E+00
+280.20E-03,-4.39063E+00,-83.98E-03,+4.51898E+00
+281.20E-03,-4.39063E+00,-76.17E-03,+4.51117E+00
+282.20E-03,-4.38867E+00,-76.17E-03,+4.51117E+00
+283.20E-03,-4.38281E+00,+201.17E-03,+4.51313E+00
+284.20E-03,-4.39063E+00,+2.01367E+00,+4.52094E+00
+285.20E-03,-4.39063E+00,+4.82617E+00,+4.52094E+00
+286.20E-03,-4.39063E+00,+4.82617E+00,+4.52094E+00
+287.20E-03,-4.39063E+00,+4.82617E+00,+4.52094E+00
+288.20E-03,-4.38867E+00,+4.82617E+00,+4.51898E+00
+289.20E-03,-4.38086E+00,+4.82617E+00,+4.51313E+00
+290.20E-03,-4.38281E+00,+4.82617E+00,+4.52094E+00
+291.20E-03,-4.39063E+00,+4.82617E+00,+4.52094E+00
+292.20E-03,-4.39258E+00,+4.82617E+00,+4.52094E+00
+293.20E-03,-4.39844E+00,+4.82617E+00,+4.52094E+00
+294.20E-03,-4.39063E+00,+4.82617E+00,+4.51898E+00
+295.20E-03,-4.39063E+00,+4.82617E+00,+4.51117E+00
+296.20E-03,-4.39063E+00,+4.82617E+00,+4.51313E+00
+297.20E-03,-4.39063E+00,+4.82617E+00,+4.52094E+00
+298.20E-03,-4.38672E+00,+4.82422E+00,+4.51898E+00
+299.20E-03,-2.61328E+00,+4.81836E+00,+4.52094E+00
+300.20E-03,+4.41797E+00,+4.82617E+00,+4.56000E+00
+301.20E-03,+4.41797E+00,+4.82617E+00,+4.56000E+00
+302.20E-03,+4.41602E+00,+4.82422E+00,+4.56000E+00
+303.20E-03,+4.40820E+00,+4.81836E+00,+4.56000E+00
+304.20E-03,+4.41016E+00,+4.82422E+00,+4.56000E+00
+305.20E-03,+4.41602E+00,+4.81641E+00,+4.56000E+00
+306.20E-03,+4.41016E+00,+4.81836E+00,+4.56000E+00
+307.20E-03,+4.41797E+00,+4.82422E+00,+4.56000E+00
+308.20E-03,+4.41797E+00,+4.81641E+00,+4.56000E+00
+309.20E-03,+4.41602E+00,+4.81836E+00,+4.56000E+00
+310.20E-03,+4.41016E+00,+4.82617E+00,+4.56000E+00
+311.20E-03,+4.41797E+00,+4.35937E+00,+4.56000E+00
+312.20E-03,+4.41602E+00,+1.97656E+00,+4.56000E+00
+313.20E-03,+4.41016E+00,-87.89E-03,+4.56000E+00
+314.20E-03,+4.41797E+00,-93.75E-03,+4.56000E+00
+315.20E-03,+4.41602E+00,-85.94E-03,+4.56000E+00
+316.20E-03,+4.41016E+00,-85.94E-03,+4.56000E+00
+317.20E-03,+4.41797E+00,-85.94E-03,+4.56000E+00
+318.20E-03,+4.41797E+00,-85.94E-03,+4.56000E+00
+319.20E-03,+4.41602E+00,-85.94E-03,+4.56000E+00
+320.20E-03,+4.41016E+00,-85.94E-03,+4.56000E+00
+321.20E-03,+4.41602E+00,-85.94E-03,+4.56000E+00
+322.20E-03,+4.40820E+00,-83.98E-03,+4.56000E+00
+323.20E-03,+4.40820E+00,-78.13E-03,+4.56000E+00
+324.20E-03,+4.40820E+00,-85.94E-03,+4.56000E+00
+325.20E-03,+4.40820E+00,-83.98E-03,+4.56000E+00
+326.20E-03,+4.40820E+00,-76.17E-03,+4.56000E+00
+327.20E-03,+4.40820E+00,-76.17E-03,+4.56000E+00
+328.20E-03,+4.40820E+00,-78.13E-03,+4.56000E+00
+329.20E-03,+4.40820E+00,-83.98E-03,+4.56000E+00
+330.20E-03,+4.40820E+00,-78.13E-03,+4.56000E+00
+331.20E-03,+4.40820E+00,-85.94E-03,+4.56000E+00
+332.20E-03,+4.40820E+00,-85.94E-03,+4.56000E+00
+333.20E-03,+4.40820E+00,-83.98E-03,+4.56000E+00
+334.20E-03,+4.41016E+00,-78.13E-03,+4.56000E+00
+335.20E-03,+4.41602E+00,-85.94E-03,+4.56000E+00
+336.20E-03,+4.40820E+00,-85.94E-03,+4.56000E+00
+337.20E-03,+4.40820E+00,-85.94E-03,+4.56000E+00
+338.20E-03,+4.40820E+00,-85.94E-03,+4.56000E+00
+339.20E-03,+4.40820E+00,+628.91E-03,+4.56000E+00
+340.20E-03,+4.40820E+00,+3.75586E+00,+4.56000E+00
+341.20E-03,+4.40820E+00,+4.82617E+00,+4.56000E+00
+342.20E-03,+4.40820E+00,+4.82617E+00,+4.56000E+00
+343.20E-03,+4.41016E+00,+4.82617E+00,+4.56000E+00
+344.20E-03,+4.41602E+00,+4.82617E+00,+4.56000E+00
+345.20E-03,+4.40820E+00,+4.82617E+00,+4.56000E+00
+346.20E-03,+4.40820E+00,+4.82617E+00,+4.56000E+00
+347.20E-03,+4.40820E+00,+4.82617E+00,+4.56000E+00
+348.20E-03,+4.40820E+00,+4.82617E+00,+4.56000E+00
+349.20E-03,+2.87695E+00,+4.82617E+00,+4.55219E+00
+350.20E-03,-3.47852E+00,+4.82617E+00,+4.51898E+00
+351.20E-03,-4.40039E+00,+4.82617E+00,+4.51313E+00
+352.20E-03,-4.40039E+00,+4.82617E+00,+4.51898E+00
+353.20E-03,-4.40039E+00,+4.82617E+00,+4.51313E+00
+354.20E-03,-4.40039E+00,+4.82422E+00,+4.51898E+00
+355.20E-03,-4.40039E+00,+4.81836E+00,+4.51313E+00
+356.20E-03,-4.40039E+00,+4.82422E+00,+4.52094E+00
+357.20E-03,-4.40039E+00,+4.81836E+00,+4.52094E+00
+358.20E-03,-4.40039E+00,+4.82617E+00,+4.51898E+00
+359.20E-03,-4.39844E+00,+4.82422E+00,+4.51117E+00
+360.20E-03,-4.39063E+00,+4.81836E+00,+4.51117E+00
+361.20E-03,-4.39063E+00,+4.82422E+00,+4.50922E+00
+362.20E-03,-4.39063E+00,+4.81836E+00,+4.50336E+00
+363.20E-03,-4.39063E+00,+4.82617E+00,+4.51117E+00
+364.20E-03,-4.39063E+00,+4.82617E+00,+4.51117E+00
+365.20E-03,-4.39063E+00,+4.82617E+00,+4.51313E+00
+366.20E-03,-4.39063E+00,+4.82617E+00,+4.51898E+00
+367.20E-03,-4.39063E+00,+3.92383E+00,+4.51117E+00
+368.20E-03,-4.39063E+00,+234.37E-03,+4.51117E+00
+369.20E-03,-4.39258E+00,-85.94E-03,+4.51117E+00
+370.20E-03,-4.40039E+00,-85.94E-03,+4.51117E+00
+371.20E-03,-4.39844E+00,-85.94E-03,+4.51117E+00
+372.20E-03,-4.39063E+00,-85.94E-03,+4.51117E+00
+373.20E-03,-4.39063E+00,-85.94E-03,+4.51117E+00
+374.20E-03,-4.39258E+00,-85.94E-03,+4.51117E+00
+375.20E-03,-4.40039E+00,-85.94E-03,+4.51117E+00
+376.20E-03,-4.40039E+00,-85.94E-03,+4.51117E+00
+377.20E-03,-4.39844E+00,-85.94E-03,+4.51117E+00
+378.20E-03,-4.39063E+00,-85.94E-03,+4.51117E+00
+379.20E-03,-4.39258E+00,-83.98E-03,+4.51117E+00
+380.20E-03,-4.40039E+00,-78.13E-03,+4.51117E+00
+381.20E-03,-4.39844E+00,-85.94E-03,+4.51117E+00
+382.20E-03,-4.39258E+00,-83.98E-03,+4.51117E+00
+383.20E-03,-4.40039E+00,-76.17E-03,+4.51117E+00
+384.20E-03,-4.39844E+00,-76.17E-03,+4.51117E+00
+385.20E-03,-4.39063E+00,-76.17E-03,+4.51117E+00
+386.20E-03,-4.39063E+00,-76.17E-03,+4.51117E+00
+387.20E-03,-4.39063E+00,-76.17E-03,+4.51313E+00
+388.20E-03,-4.39063E+00,-78.13E-03,+4.51898E+00
+389.20E-03,-4.39258E+00,-83.98E-03,+4.51117E+00
+390.20E-03,-4.40039E+00,-78.13E-03,+4.51117E+00
+391.20E-03,-4.39844E+00,-83.98E-03,+4.51117E+00
+392.20E-03,-4.39063E+00,-76.17E-03,+4.51117E+00
+393.20E-03,-4.39258E+00,-76.17E-03,+4.51117E+00
+394.20E-03,-4.40039E+00,+91.80E-03,+4.51117E+00
+395.20E-03,-4.40039E+00,+1.57422E+00,+4.51117E+00
+396.20E-03,-4.39844E+00,+4.81836E+00,+4.51117E+00
+397.20E-03,-4.39258E+00,+4.82617E+00,+4.51117E+00
+398.20E-03,-4.39062E+00,+4.82617E+00,+4.51117E+00
+399.20E-03,-2.59961E+00,+4.82617E+00,+4.52094E+00
+400.20E-03,+4.41016E+00,+4.82617E+00,+4.56000E+00
+401.20E-03,+4.41797E+00,+4.82617E+00,+4.56000E+00
+402.20E-03,+4.41797E+00,+4.82617E+00,+4.56000E+00
+403.20E-03,+4.41797E+00,+4.82617E+00,+4.56000E+00
+404.20E-03,+4.41797E+00,+4.82617E+00,+4.56000E+00
+405.20E-03,+4.41797E+00,+4.82617E+00,+4.56000E+00
+406.20E-03,+4.41797E+00,+4.82617E+00,+4.56000E+00
+407.20E-03,+4.41797E+00,+4.82422E+00,+4.56000E+00
+408.20E-03,+4.41797E+00,+4.81836E+00,+4.56000E+00
+409.20E-03,+4.41602E+00,+4.82617E+00,+4.56000E+00
+410.20E-03,+4.41016E+00,+4.82617E+00,+4.56000E+00
+411.20E-03,+4.41602E+00,+4.82617E+00,+4.56195E+00
+412.20E-03,+4.41016E+00,+4.82617E+00,+4.56781E+00
+413.20E-03,+4.41797E+00,+4.82617E+00,+4.56000E+00
+414.20E-03,+4.41602E+00,+4.82617E+00,+4.56000E+00
+415.20E-03,+4.40820E+00,+4.82617E+00,+4.56000E+00
+416.20E-03,+4.41016E+00,+4.82422E+00,+4.56000E+00
+417.20E-03,+4.41602E+00,+4.81836E+00,+4.56000E+00
+418.20E-03,+4.40820E+00,+4.82617E+00,+4.56000E+00
+419.20E-03,+4.40820E+00,+4.82617E+00,+4.56000E+00
+420.20E-03,+4.41016E+00,+4.82422E+00,+4.56000E+00
+421.20E-03,+4.41602E+00,+4.81836E+00,+4.56000E+00
+422.20E-03,+4.41016E+00,+4.47266E+00,+4.56000E+00
+423.20E-03,+4.41602E+00,+2.42969E+00,+4.56000E+00
+424.20E-03,+4.40820E+00,-85.94E-03,+4.56000E+00
+425.20E-03,+4.40820E+00,-85.94E-03,+4.56000E+00
+426.20E-03,+4.40820E+00,-85.94E-03,+4.56000E+00
+427.20E-03,+4.40820E+00,-83.98E-03,+4.56000E+00
+428.20E-03,+4.40820E+00,-76.17E-03,+4.56000E+00
+429.20E-03,+4.40820E+00,-76.17E-03,+4.56000E+00
+430.20E-03,+4.41016E+00,-76.17E-03,+4.56000E+00
+431.20E-03,+4.41797E+00,-76.17E-03,+4.56000E+00
+432.20E-03,+4.41797E+00,-76.17E-03,+4.56000E+00
+433.20E-03,+4.41797E+00,-76.17E-03,+4.56000E+00
+434.20E-03,+4.41797E+00,-78.13E-03,+4.56000E+00
+435.20E-03,+4.41797E+00,-85.94E-03,+4.56000E+00
+436.20E-03,+4.41602E+00,-83.98E-03,+4.56000E+00
+437.20E-03,+4.40820E+00,-76.17E-03,+4.56000E+00
+438.20E-03,+4.41016E+00,-76.17E-03,+4.56000E+00
+439.20E-03,+4.41602E+00,-76.17E-03,+4.56000E+00
+440.20E-03,+4.41016E+00,-76.17E-03,+4.56000E+00
+441.20E-03,+4.41602E+00,-76.17E-03,+4.56000E+00
+442.20E-03,+4.41016E+00,-76.17E-03,+4.56000E+00
+443.20E-03,+4.41602E+00,-78.13E-03,+4.56000E+00
+444.20E-03,+4.40820E+00,-83.98E-03,+4.56000E+00
+445.20E-03,+4.41016E+00,-76.17E-03,+4.56000E+00
+446.20E-03,+4.41797E+00,-76.17E-03,+4.56000E+00
+447.20E-03,+4.41602E+00,-76.17E-03,+4.56000E+00
+448.20E-03,+4.40820E+00,-78.13E-03,+4.56000E+00
+449.20E-03,+2.87109E+00,-83.98E-03,+4.55023E+00
+450.20E-03,-3.50195E+00,+529.30E-03,+4.51117E+00
+451.20E-03,-4.40039E+00,+3.32617E+00,+4.51117E+00
+452.20E-03,-4.40039E+00,+4.82617E+00,+4.51117E+00
+453.20E-03,-4.40039E+00,+4.82617E+00,+4.51117E+00
+454.20E-03,-4.39844E+00,+4.82617E+00,+4.51117E+00
+455.20E-03,-4.39258E+00,+4.82422E+00,+4.51117E+00
+456.20E-03,-4.40039E+00,+4.81836E+00,+4.51117E+00
+457.20E-03,-4.40039E+00,+4.82617E+00,+4.51117E+00
+458.20E-03,-4.40039E+00,+4.82617E+00,+4.50922E+00
+459.20E-03,-4.40039E+00,+4.82617E+00,+4.50336E+00
+460.20E-03,-4.40039E+00,+4.82617E+00,+4.51117E+00
+461.20E-03,-4.39844E+00,+4.82617E+00,+4.51117E+00
+462.20E-03,-4.39258E+00,+4.82617E+00,+4.51117E+00
+463.20E-03,-4.39844E+00,+4.82617E+00,+4.51117E+00
+464.20E-03,-4.39063E+00,+4.82617E+00,+4.51117E+00
+465.20E-03,-4.39258E+00,+4.82617E+00,+4.51117E+00
+466.20E-03,-4.40039E+00,+4.82617E+00,+4.51117E+00
+467.20E-03,-4.39844E+00,+4.82617E+00,+4.51117E+00
+468.20E-03,-4.39063E+00,+4.82422E+00,+4.51117E+00
+469.20E-03,-4.39063E+00,+4.81836E+00,+4.51117E+00
+470.20E-03,-4.39258E+00,+4.82617E+00,+4.51117E+00
+471.20E-03,-4.40039E+00,+4.82617E+00,+4.51117E+00
+472.20E-03,-4.39844E+00,+4.82617E+00,+4.51117E+00
+473.20E-03,-4.39258E+00,+4.82617E+00,+4.51117E+00
+474.20E-03,-4.39844E+00,+4.82617E+00,+4.51117E+00
+475.20E-03,-4.39063E+00,+4.82617E+00,+4.51117E+00
+476.20E-03,-4.39063E+00,+4.82617E+00,+4.51117E+00
+477.20E-03,-4.39258E+00,+4.82617E+00,+4.51117E+00
+478.20E-03,-4.40039E+00,+4.03516E+00,+4.51117E+00
+479.20E-03,-4.39844E+00,+679.69E-03,+4.51117E+00
+480.20E-03,-4.39063E+00,-85.94E-03,+4.51117E+00
+481.20E-03,-4.39063E+00,-85.94E-03,+4.51117E+00
+482.20E-03,-4.39063E+00,-83.98E-03,+4.51117E+00
+483.20E-03,-4.39063E+00,-76.17E-03,+4.51117E+00
+484.20E-03,-4.39063E+00,-76.17E-03,+4.51117E+00
+485.20E-03,-4.39063E+00,-78.13E-03,+4.51117E+00
+486.20E-03,-4.39063E+00,-85.94E-03,+4.51117E+00
+487.20E-03,-4.39063E+00,-85.94E-03,+4.51117E+00
+488.20E-03,-4.39258E+00,-83.98E-03,+4.50922E+00
+489.20E-03,-4.39844E+00,-78.13E-03,+4.50336E+00
+490.20E-03,-4.39063E+00,-85.94E-03,+4.51117E+00
+491.20E-03,-4.39258E+00,-83.98E-03,+4.51117E+00
+492.20E-03,-4.40039E+00,-76.17E-03,+4.51117E+00
+493.20E-03,-4.40039E+00,-76.17E-03,+4.51117E+00
+494.20E-03,-4.40039E+00,-76.17E-03,+4.51117E+00
+495.20E-03,-4.40039E+00,-76.17E-03,+4.51117E+00
+496.20E-03,-4.40039E+00,-76.17E-03,+4.51117E+00
+497.20E-03,-4.40039E+00,-76.17E-03,+4.51117E+00
+498.20E-03,-4.38086E+00,-76.17E-03,+4.50141E+00
+499.20E-03,-2.55859E+00,-76.17E-03,+3.49359E+00
+500.20E-03,,,
