x-axis,1,2
second,Volt,Volt
-3.22000E-03,+3.81093740E+00,+34.37495E-03
-3.20000E-03,+3.81874990E+00,+34.37495E-03
-3.18000E-03,+3.82656240E+00,+34.37495E-03
-3.16000E-03,+3.83437490E+00,+34.37495E-03
-3.14000E-03,+3.84023428E+00,+34.37495E-03
-3.12000E-03,+3.84804678E+00,+34.37495E-03
-3.10000E-03,+3.85585928E+00,+34.37495E-03
-3.08000E-03,+3.86171865E+00,+34.37495E-03
-3.06000E-03,+3.86757803E+00,+34.37495E-03
-3.04000E-03,+3.87343740E+00,+32.42183E-03
-3.02000E-03,+3.87734365E+00,+32.42183E-03
-3.00000E-03,+3.88320303E+00,+34.37495E-03
-2.98000E-03,+3.88906240E+00,+34.37495E-03
-2.96000E-03,+3.89687490E+00,+34.37495E-03
-2.94000E-03,+3.90468740E+00,+34.37495E-03
-2.92000E-03,+3.91249990E+00,+32.42183E-03
-2.90000E-03,+3.91835928E+00,+34.37495E-03
-2.88000E-03,+3.92617178E+00,+32.42183E-03
-2.86000E-03,+3.93398428E+00,+32.42183E-03
-2.84000E-03,+3.93984365E+00,+32.42183E-03
-2.82000E-03,+3.94765615E+00,+32.42183E-03
-2.80000E-03,+3.95351553E+00,+32.42183E-03
-2.78000E-03,+3.95937490E+00,+32.42183E-03
-2.76000E-03,+3.96914053E+00,+32.42183E-03
-2.74000E-03,+3.97499990E+00,+34.37495E-03
-2.72000E-03,+3.98281240E+00,+32.42183E-03
-2.70000E-03,+3.98867178E+00,+32.42183E-03
-2.68000E-03,+3.99453115E+00,+34.37495E-03
-2.66000E-03,+4.00429678E+00,+32.42183E-03
-2.64000E-03,+4.01015615E+00,+32.42183E-03
-2.62000E-03,+4.01796865E+00,+32.42183E-03
-2.60000E-03,+4.02382803E+00,+32.42183E-03
-2.58000E-03,+4.02968740E+00,+32.42183E-03
-2.56000E-03,+4.03749990E+00,+32.42183E-03
-2.54000E-03,+4.04531240E+00,+32.42183E-03
-2.52000E-03,+4.05117178E+00,+32.42183E-03
-2.50000E-03,+4.05703115E+00,+32.42183E-03
-2.48000E-03,+4.06289053E+00,+32.42183E-03
-2.46000E-03,+4.06874990E+00,+32.42183E-03
-2.44000E-03,+4.07460928E+00,+32.42183E-03
-2.42000E-03,+4.08046865E+00,+32.42183E-03
-2.40000E-03,+4.08632803E+00,+32.42183E-03
-2.38000E-03,+4.09218740E+00,+32.42183E-03
-2.36000E-03,+4.09999990E+00,+32.42183E-03
-2.34000E-03,+4.10585928E+00,+32.42183E-03
-2.32000E-03,+4.11171865E+00,+32.42183E-03
-2.30000E-03,+4.11562490E+00,+32.42183E-03
-2.28000E-03,+4.12343740E+00,+32.42183E-03
-2.26000E-03,+4.12929678E+00,+32.42183E-03
-2.24000E-03,+4.13710928E+00,+32.42183E-03
-2.22000E-03,+4.14296865E+00,+32.42183E-03
-2.20000E-03,+4.15078115E+00,+32.42183E-03
-2.18000E-03,+4.15664053E+00,+32.42183E-03
-2.16000E-03,+4.16249990E+00,+32.42183E-03
-2.14000E-03,+4.16835928E+00,+32.42183E-03
-2.12000E-03,+4.17421865E+00,+32.42183E-03
-2.10000E-03,+4.18007803E+00,+32.42183E-03
-2.08000E-03,+4.18593740E+00,+32.42183E-03
-2.06000E-03,+4.19179678E+00,+32.42183E-03
-2.04000E-03,+4.20156240E+00,+32.42183E-03
-2.02000E-03,+4.20937490E+00,+32.42183E-03
-2.00000E-03,+4.21523428E+00,+32.42183E-03
-1.98000E-03,+4.22499990E+00,+32.42183E-03
-1.96000E-03,+4.23281240E+00,+32.42183E-03
-1.94000E-03,+4.24257803E+00,+32.42183E-03
-1.92000E-03,+4.25039053E+00,+32.42183E-03
-1.90000E-03,+4.26015615E+00,+32.42183E-03
-1.88000E-03,+4.26992178E+00,+32.42183E-03
-1.86000E-03,+4.27773428E+00,+32.42183E-03
-1.84000E-03,+4.28749990E+00,+32.42183E-03
-1.82000E-03,+4.29531240E+00,+32.42183E-03
-1.80000E-03,+4.30507803E+00,+32.42183E-03
-1.78000E-03,+4.31484365E+00,+32.42183E-03
-1.76000E-03,+4.32265615E+00,+32.42183E-03
-1.74000E-03,+4.33046865E+00,+32.42183E-03
-1.72000E-03,+4.33828115E+00,+32.42183E-03
-1.70000E-03,+4.34414053E+00,+32.42183E-03
-1.68000E-03,+4.34999990E+00,+32.42183E-03
-1.66000E-03,+4.35585928E+00,+32.42183E-03
-1.64000E-03,+4.36171865E+00,+32.42183E-03
-1.62000E-03,+4.36757803E+00,+32.42183E-03
-1.60000E-03,+4.37148428E+00,+32.42183E-03
-1.58000E-03,+4.37734365E+00,+32.42183E-03
-1.56000E-03,+4.38515615E+00,+32.42183E-03
-1.54000E-03,+4.39101553E+00,+32.42183E-03
-1.52000E-03,+4.39687490E+00,+32.42183E-03
-1.50000E-03,+4.40468740E+00,+32.42183E-03
-1.48000E-03,+4.41054678E+00,+32.42183E-03
-1.46000E-03,+4.41640615E+00,+32.42183E-03
-1.44000E-03,+4.42226553E+00,+32.42183E-03
-1.42000E-03,+4.43007803E+00,+32.42183E-03
-1.40000E-03,+4.43593740E+00,+32.42183E-03
-1.38000E-03,+4.44179678E+00,+32.42183E-03
-1.36000E-03,+4.44765615E+00,+32.42183E-03
-1.34000E-03,+4.45546865E+00,+32.42183E-03
-1.32000E-03,+4.46132803E+00,+32.42183E-03
-1.30000E-03,+4.46914053E+00,+32.42183E-03
-1.28000E-03,+4.47499990E+00,+32.42183E-03
-1.26000E-03,+4.47890615E+00,+32.42183E-03
-1.24000E-03,+4.48671865E+00,+32.42183E-03
-1.22000E-03,+4.49062490E+00,+32.42183E-03
-1.20000E-03,+4.49843740E+00,+32.42183E-03
-1.18000E-03,+4.50429678E+00,+32.42183E-03
-1.16000E-03,+4.51015615E+00,+32.42183E-03
-1.14000E-03,+4.51796865E+00,+32.42183E-03
-1.12000E-03,+4.52382803E+00,+32.42183E-03
-1.10000E-03,+4.53164053E+00,+32.42183E-03
-1.08000E-03,+4.53945303E+00,+32.42183E-03
-1.06000E-03,+4.54726553E+00,+32.42183E-03
-1.04000E-03,+4.55507803E+00,+32.42183E-03
-1.02000E-03,+4.56289053E+00,+32.42183E-03
-1.00000E-03,+4.57265615E+00,+32.42183E-03
-980.00E-06,+4.57851553E+00,+32.42183E-03
-960.00E-06,+4.58632803E+00,+32.42183E-03
-940.00E-06,+4.59218740E+00,+32.42183E-03
-920.00E-06,+4.59999990E+00,+32.42183E-03
-900.00E-06,+4.60976553E+00,+32.42183E-03
-880.00E-06,+4.61757803E+00,+32.42183E-03
-860.00E-06,+4.62539053E+00,+32.42183E-03
-840.00E-06,+4.63320303E+00,+32.42183E-03
-820.00E-06,+4.64101553E+00,+32.42183E-03
-800.00E-06,+4.64882803E+00,+32.42183E-03
-780.00E-06,+4.65664053E+00,+32.42183E-03
-760.00E-06,+4.66445303E+00,+32.42183E-03
-740.00E-06,+4.67031240E+00,+32.42183E-03
-720.00E-06,+4.67812490E+00,+32.42183E-03
-700.00E-06,+4.68398428E+00,+32.42183E-03
-680.00E-06,+4.68984365E+00,+32.42183E-03
-660.00E-06,+4.69570303E+00,+32.42183E-03
-640.00E-06,+4.70156240E+00,+32.42183E-03
-620.00E-06,+4.70937490E+00,+32.42183E-03
-600.00E-06,+4.71523428E+00,+32.42183E-03
-580.00E-06,+4.72304678E+00,+32.42183E-03
-560.00E-06,+4.72890615E+00,+32.42183E-03
-540.00E-06,+4.73671865E+00,+32.42183E-03
-520.00E-06,+4.74257803E+00,+32.42183E-03
-500.00E-06,+4.75039053E+00,+32.42183E-03
-480.00E-06,+4.75820303E+00,+32.42183E-03
-460.00E-06,+4.76406240E+00,+32.42183E-03
-440.00E-06,+4.76992178E+00,+32.42183E-03
-420.00E-06,+4.77773428E+00,+32.42183E-03
-400.00E-06,+4.78359365E+00,+32.42183E-03
-380.00E-06,+4.79140615E+00,+32.42183E-03
-360.00E-06,+4.79726553E+00,+32.42183E-03
-340.00E-06,+4.80312490E+00,+32.42183E-03
-320.00E-06,+4.80898428E+00,+32.42183E-03
-300.00E-06,+4.81484365E+00,+32.42183E-03
-280.00E-06,+4.82070303E+00,+32.42183E-03
-260.00E-06,+4.82656240E+00,+32.42183E-03
-240.00E-06,+4.83242178E+00,+32.42183E-03
-220.00E-06,+4.84023428E+00,+32.42183E-03
-200.00E-06,+4.84609365E+00,+32.42183E-03
-180.00E-06,+4.85195303E+00,+32.42183E-03
-160.00E-06,+4.85976553E+00,+32.42183E-03
-140.00E-06,+4.86562490E+00,+32.42183E-03
-120.00E-06,+4.87148428E+00,+32.42183E-03
-100.00E-06,+4.87734365E+00,+32.42183E-03
-80.00E-06,+4.88320303E+00,+32.42183E-03
-60.00E-06,+4.88906240E+00,+32.42183E-03
-40.00E-06,+4.89687490E+00,+32.42183E-03
-20.00E-06,+4.90078115E+00,+32.42183E-03
+0.0E+00,+221.09365E-03,+4.17499995E+00
+20.00E-06,-21.09385E-03,+4.87617183E+00
+40.00E-06,-17.18760E-03,+4.88398433E+00
+60.00E-06,-9.37510E-03,+4.89179683E+00
+80.00E-06,-1.56260E-03,+4.89765620E+00
+100.00E-06,+10.15615E-03,+4.90351558E+00
+120.00E-06,+19.92178E-03,+4.90742183E+00
+140.00E-06,+29.68740E-03,+4.90937495E+00
+160.00E-06,+39.45303E-03,+4.91328120E+00
+180.00E-06,+49.21865E-03,+4.91523433E+00
+200.00E-06,+57.03115E-03,+4.91718745E+00
+220.00E-06,+66.79678E-03,+4.91914058E+00
+240.00E-06,+72.65615E-03,+4.91914058E+00
+260.00E-06,+80.46865E-03,+4.92109370E+00
+280.00E-06,+88.28115E-03,+4.92304683E+00
+300.00E-06,+96.09365E-03,+4.92304683E+00
+320.00E-06,+103.90615E-03,+4.92304683E+00
+340.00E-06,+109.76553E-03,+4.92499995E+00
+360.00E-06,+117.57803E-03,+4.92695308E+00
+380.00E-06,+123.43740E-03,+4.92695308E+00
+400.00E-06,+131.24990E-03,+4.92890620E+00
+420.00E-06,+137.10928E-03,+4.92890620E+00
+440.00E-06,+144.92178E-03,+4.92890620E+00
+460.00E-06,+150.78115E-03,+4.93085933E+00
+480.00E-06,+154.68740E-03,+4.93281245E+00
+500.00E-06,+160.54678E-03,+4.93476558E+00
+520.00E-06,+164.45303E-03,+4.93671870E+00
+540.00E-06,+168.35928E-03,+4.93671870E+00
+560.00E-06,+172.26553E-03,+4.93867183E+00
+580.00E-06,+176.17178E-03,+4.93867183E+00
+600.00E-06,+182.03115E-03,+4.94062495E+00
+620.00E-06,+187.89053E-03,+4.94062495E+00
+640.00E-06,+193.74990E-03,+4.94257808E+00
+660.00E-06,+197.65615E-03,+4.94453120E+00
+680.00E-06,+203.51553E-03,+4.94648433E+00
+700.00E-06,+211.32803E-03,+4.94648433E+00
+720.00E-06,+219.14053E-03,+4.94843745E+00
+740.00E-06,+226.95303E-03,+4.95039058E+00
+760.00E-06,+232.81240E-03,+4.95039058E+00
+780.00E-06,+238.67178E-03,+4.95234370E+00
+800.00E-06,+246.48428E-03,+4.95429683E+00
+820.00E-06,+250.39053E-03,+4.95429683E+00
+840.00E-06,+258.20303E-03,+4.95429683E+00
+860.00E-06,+264.06240E-03,+4.95624995E+00
+880.00E-06,+269.92178E-03,+4.95820308E+00
+900.00E-06,+275.78115E-03,+4.96015620E+00
+920.00E-06,+283.59365E-03,+4.96015620E+00
+940.00E-06,+291.40615E-03,+4.96015620E+00
+960.00E-06,+299.21865E-03,+4.96210933E+00
+980.00E-06,+307.03115E-03,+4.96210933E+00
+1.00000E-03,+314.84365E-03,+4.96210933E+00
+1.02000E-03,+320.70303E-03,+4.96406245E+00
+1.04000E-03,+328.51553E-03,+4.96406245E+00
+1.06000E-03,+336.32803E-03,+4.96406245E+00
+1.08000E-03,+342.18740E-03,+4.96406245E+00
+1.10000E-03,+351.95303E-03,+4.96406245E+00
+1.12000E-03,+359.76553E-03,+4.96406245E+00
+1.14000E-03,+367.57803E-03,+4.96406245E+00
+1.16000E-03,+375.39053E-03,+4.96601558E+00
+1.18000E-03,+383.20303E-03,+4.96406245E+00
+1.20000E-03,+391.01553E-03,+4.96406245E+00
+1.22000E-03,+398.82803E-03,+4.96406245E+00
+1.24000E-03,+406.64053E-03,+4.96210933E+00
+1.26000E-03,+416.40615E-03,+4.95820308E+00
+1.28000E-03,+422.26553E-03,+4.95624995E+00
+1.30000E-03,+430.07803E-03,+4.95234370E+00
+1.32000E-03,+437.89053E-03,+4.94648433E+00
+1.34000E-03,+443.74990E-03,+4.93867183E+00
+1.36000E-03,+449.60928E-03,+4.92890620E+00
+1.38000E-03,+453.51553E-03,+4.91718745E+00
+1.40000E-03,+459.37490E-03,+4.90156245E+00
+1.42000E-03,+465.23428E-03,+4.88398433E+00
+1.44000E-03,+469.14053E-03,+4.86445308E+00
+1.46000E-03,+474.99990E-03,+4.84101558E+00
+1.48000E-03,+480.85928E-03,+4.80390620E+00
+1.50000E-03,+486.71865E-03,+4.75703120E+00
+1.52000E-03,+494.53115E-03,+4.68671870E+00
+1.54000E-03,+500.39053E-03,+4.58515620E+00
+1.56000E-03,+508.20303E-03,+4.46601558E+00
+1.58000E-03,+516.01553E-03,+4.31757808E+00
+1.60000E-03,+523.82803E-03,+4.12226558E+00
+1.62000E-03,+531.64053E-03,+3.86835933E+00
+1.64000E-03,+539.45303E-03,+3.50703120E+00
+1.66000E-03,+547.26553E-03,+3.08320308E+00
+1.68000E-03,+555.07803E-03,+2.54999995E+00
+1.70000E-03,+560.93740E-03,+1.88203120E+00
+1.72000E-03,+568.74990E-03,+987.49995E-03
+1.74000E-03,+574.60928E-03,+223.82808E-03
+1.76000E-03,+582.42178E-03,+120.31245E-03
+1.78000E-03,+590.23428E-03,+104.68745E-03
+1.80000E-03,+596.09365E-03,+94.92183E-03
+1.82000E-03,+601.95303E-03,+91.01558E-03
+1.84000E-03,+609.76553E-03,+85.15620E-03
+1.86000E-03,+615.62490E-03,+83.20308E-03
+1.88000E-03,+623.43740E-03,+81.24995E-03
+1.90000E-03,+627.34365E-03,+79.29683E-03
+1.92000E-03,+635.15615E-03,+77.34370E-03
+1.94000E-03,+641.01553E-03,+75.39058E-03
+1.96000E-03,+646.87490E-03,+75.39058E-03
+1.98000E-03,+650.78115E-03,+73.43745E-03
+2.00000E-03,+654.68740E-03,+73.43745E-03
+2.02000E-03,+660.54678E-03,+71.48433E-03
+2.04000E-03,+668.35928E-03,+71.48433E-03
+2.06000E-03,+674.21865E-03,+69.53120E-03
+2.08000E-03,+682.03115E-03,+69.53120E-03
+2.10000E-03,+687.89053E-03,+69.53120E-03
+2.12000E-03,+695.70303E-03,+67.57808E-03
+2.14000E-03,+703.51553E-03,+67.57808E-03
+2.16000E-03,+711.32803E-03,+65.62495E-03
+2.18000E-03,+719.14053E-03,+65.62495E-03
+2.20000E-03,+724.99990E-03,+63.67183E-03
+2.22000E-03,+732.81240E-03,+63.67183E-03
+2.24000E-03,+738.67178E-03,+63.67183E-03
+2.26000E-03,+748.43740E-03,+61.71870E-03
+2.28000E-03,+754.29678E-03,+61.71870E-03
+2.30000E-03,+762.10928E-03,+59.76558E-03
+2.32000E-03,+769.92178E-03,+59.76558E-03
+2.34000E-03,+775.78115E-03,+59.76558E-03
+2.36000E-03,+783.59365E-03,+57.81245E-03
+2.38000E-03,+789.45303E-03,+57.81245E-03
+2.40000E-03,+797.26553E-03,+55.85933E-03
+2.42000E-03,+803.12490E-03,+55.85933E-03
+2.44000E-03,+810.93740E-03,+53.90620E-03
+2.46000E-03,+816.79678E-03,+53.90620E-03
+2.48000E-03,+822.65615E-03,+53.90620E-03
+2.50000E-03,+828.51553E-03,+51.95308E-03
+2.52000E-03,+834.37490E-03,+51.95308E-03
+2.54000E-03,+840.23428E-03,+51.95308E-03
+2.56000E-03,+844.14053E-03,+49.99995E-03
+2.58000E-03,+849.99990E-03,+49.99995E-03
+2.60000E-03,+855.85928E-03,+49.99995E-03
+2.62000E-03,+861.71865E-03,+48.04683E-03
+2.64000E-03,+865.62490E-03,+48.04683E-03
+2.66000E-03,+873.43740E-03,+48.04683E-03
+2.68000E-03,+879.29678E-03,+46.09370E-03
+2.70000E-03,+887.10928E-03,+46.09370E-03
+2.72000E-03,+892.96865E-03,+46.09370E-03
+2.74000E-03,+898.82803E-03,+46.09370E-03
+2.76000E-03,+904.68740E-03,+44.14058E-03
+2.78000E-03,+910.54678E-03,+44.14058E-03
+2.80000E-03,+918.35928E-03,+44.14058E-03
+2.82000E-03,+924.21865E-03,+44.14058E-03
+2.84000E-03,+930.07803E-03,+44.14058E-03
+2.86000E-03,+935.93740E-03,+44.14058E-03
+2.88000E-03,+943.74990E-03,+44.14058E-03
+2.90000E-03,+949.60928E-03,+42.18745E-03
+2.92000E-03,+955.46865E-03,+42.18745E-03
+2.94000E-03,+961.32803E-03,+42.18745E-03
+2.96000E-03,+969.14053E-03,+42.18745E-03
+2.98000E-03,+976.95303E-03,+42.18745E-03
+3.00000E-03,+986.71865E-03,+42.18745E-03
+3.02000E-03,+994.53115E-03,+40.23433E-03
+3.04000E-03,+1.00429678E+00,+40.23433E-03
+3.06000E-03,+1.01406240E+00,+40.23433E-03
+3.08000E-03,+1.02382803E+00,+40.23433E-03
+3.10000E-03,+1.03359365E+00,+40.23433E-03
+3.12000E-03,+1.04140615E+00,+38.28120E-03
+3.14000E-03,+1.04921865E+00,+40.23433E-03
+3.16000E-03,+1.05898428E+00,+40.23433E-03
+3.18000E-03,+1.06679678E+00,+38.28120E-03
+3.20000E-03,+1.07460928E+00,+40.23433E-03
+3.22000E-03,+1.08242178E+00,+38.28120E-03
+3.24000E-03,+1.09023428E+00,+38.28120E-03
+3.26000E-03,+1.09804678E+00,+38.28120E-03
+3.28000E-03,+1.10390615E+00,+38.28120E-03
+3.30000E-03,+1.10976553E+00,+38.28120E-03
+3.32000E-03,+1.11562490E+00,+38.28120E-03
+3.34000E-03,+1.12148428E+00,+38.28120E-03
+3.36000E-03,+1.12734365E+00,+38.28120E-03
+3.38000E-03,+1.13320303E+00,+38.28120E-03
+3.40000E-03,+1.13710928E+00,+38.28120E-03
+3.42000E-03,+1.14296865E+00,+38.28120E-03
+3.44000E-03,+1.14882803E+00,+38.28120E-03
+3.46000E-03,+1.15468740E+00,+38.28120E-03
+3.48000E-03,+1.16054678E+00,+38.28120E-03
+3.50000E-03,+1.16835928E+00,+36.32808E-03
+3.52000E-03,+1.17617178E+00,+38.28120E-03
+3.54000E-03,+1.18203115E+00,+38.28120E-03
+3.56000E-03,+1.18789053E+00,+36.32808E-03
+3.58000E-03,+1.19570303E+00,+36.32808E-03
+3.60000E-03,+1.20156240E+00,+36.32808E-03
+3.62000E-03,+1.20742178E+00,+36.32808E-03
+3.64000E-03,+1.21132803E+00,+36.32808E-03
+3.66000E-03,+1.21718740E+00,+36.32808E-03
+3.68000E-03,+1.22304678E+00,+36.32808E-03
+3.70000E-03,+1.22890615E+00,+36.32808E-03
+3.72000E-03,+1.23671865E+00,+36.32808E-03
+3.74000E-03,+1.24453115E+00,+36.32808E-03
+3.76000E-03,+1.25039053E+00,+36.32808E-03
+3.78000E-03,+1.25820303E+00,+36.32808E-03
+3.80000E-03,+1.26406240E+00,+36.32808E-03
+3.82000E-03,+1.27187490E+00,+36.32808E-03
+3.84000E-03,+1.27773428E+00,+36.32808E-03
+3.86000E-03,+1.28554678E+00,+36.32808E-03
+3.88000E-03,+1.29140615E+00,+36.32808E-03
+3.90000E-03,+1.29921865E+00,+36.32808E-03
+3.92000E-03,+1.30703115E+00,+36.32808E-03
+3.94000E-03,+1.31484365E+00,+36.32808E-03
+3.96000E-03,+1.32265615E+00,+36.32808E-03
+3.98000E-03,+1.32851553E+00,+36.32808E-03
+4.00000E-03,+1.33632803E+00,+36.32808E-03
+4.02000E-03,+1.34414053E+00,+36.32808E-03
+4.04000E-03,+1.34999990E+00,+36.32808E-03
+4.06000E-03,+1.35781240E+00,+36.32808E-03
+4.08000E-03,+1.36367178E+00,+36.32808E-03
+4.10000E-03,+1.37148428E+00,+36.32808E-03
+4.12000E-03,+1.37929678E+00,+36.32808E-03
+4.14000E-03,+1.38710928E+00,+36.32808E-03
+4.16000E-03,+1.39687490E+00,+36.32808E-03
+4.18000E-03,+1.40664053E+00,+36.32808E-03
+4.20000E-03,+1.41445303E+00,+36.32808E-03
+4.22000E-03,+1.42226553E+00,+36.32808E-03
+4.24000E-03,+1.42812490E+00,+36.32808E-03
+4.26000E-03,+1.43593740E+00,+36.32808E-03
+4.28000E-03,+1.44179678E+00,+36.32808E-03
+4.30000E-03,+1.44765615E+00,+36.32808E-03
+4.32000E-03,+1.45546865E+00,+36.32808E-03
+4.34000E-03,+1.46132803E+00,+36.32808E-03
+4.36000E-03,+1.46718740E+00,+36.32808E-03
+4.38000E-03,+1.47304678E+00,+36.32808E-03
+4.40000E-03,+1.48085928E+00,+36.32808E-03
+4.42000E-03,+1.48867178E+00,+36.32808E-03
+4.44000E-03,+1.49648428E+00,+36.32808E-03
+4.46000E-03,+1.50429678E+00,+36.32808E-03
+4.48000E-03,+1.51210928E+00,+36.32808E-03
+4.50000E-03,+1.51796865E+00,+36.32808E-03
+4.52000E-03,+1.52578115E+00,+36.32808E-03
+4.54000E-03,+1.53164053E+00,+36.32808E-03
+4.56000E-03,+1.53945303E+00,+36.32808E-03
+4.58000E-03,+1.54531240E+00,+36.32808E-03
+4.60000E-03,+1.55117178E+00,+38.28120E-03
+4.62000E-03,+1.55703115E+00,+36.32808E-03
+4.64000E-03,+1.56093740E+00,+36.32808E-03
+4.66000E-03,+1.56679678E+00,+36.32808E-03
+4.68000E-03,+1.57265615E+00,+36.32808E-03
+4.70000E-03,+1.57851553E+00,+36.32808E-03
+4.72000E-03,+1.58632803E+00,+36.32808E-03
+4.74000E-03,+1.59218740E+00,+36.32808E-03
+4.76000E-03,+1.59804678E+00,+36.32808E-03
+4.78000E-03,+1.60585928E+00,+36.32808E-03
+4.80000E-03,+1.61171865E+00,+36.32808E-03
+4.82000E-03,+1.61757803E+00,+36.32808E-03
+4.84000E-03,+1.62343740E+00,+36.32808E-03
+4.86000E-03,+1.63124990E+00,+36.32808E-03
+4.88000E-03,+1.63710928E+00,+36.32808E-03
+4.90000E-03,+1.64492178E+00,+36.32808E-03
+4.92000E-03,+1.65078115E+00,+36.32808E-03
+4.94000E-03,+1.65664053E+00,+36.32808E-03
+4.96000E-03,+1.66249990E+00,+36.32808E-03
+4.98000E-03,+1.66835928E+00,+36.32808E-03
+5.00000E-03,+1.67421865E+00,+36.32808E-03
+5.02000E-03,+1.68007803E+00,+36.32808E-03
+5.04000E-03,+1.68593740E+00,+36.32808E-03
+5.06000E-03,+1.69179678E+00,+36.32808E-03
+5.08000E-03,+1.69960928E+00,+36.32808E-03
+5.10000E-03,+1.70937490E+00,+36.32808E-03
+5.12000E-03,+1.71914053E+00,+36.32808E-03
+5.14000E-03,+1.73085928E+00,+36.32808E-03
+5.16000E-03,+1.74257803E+00,+36.32808E-03
+5.18000E-03,+1.75234365E+00,+36.32808E-03
+5.20000E-03,+1.76210928E+00,+36.32808E-03
+5.22000E-03,+1.77187490E+00,+36.32808E-03
+5.24000E-03,+1.78164053E+00,+36.32808E-03
+5.26000E-03,+1.78945303E+00,+36.32808E-03
+5.28000E-03,+1.79921865E+00,+36.32808E-03
+5.30000E-03,+1.80703115E+00,+36.32808E-03
+5.32000E-03,+1.81289053E+00,+36.32808E-03
+5.34000E-03,+1.82070303E+00,+34.37495E-03
+5.36000E-03,+1.82656240E+00,+36.32808E-03
+5.38000E-03,+1.83242178E+00,+36.32808E-03
+5.40000E-03,+1.83828115E+00,+36.32808E-03
+5.42000E-03,+1.84414053E+00,+34.37495E-03
+5.44000E-03,+1.84999990E+00,+36.32808E-03
+5.46000E-03,+1.85390615E+00,+36.32808E-03
+5.48000E-03,+1.85976553E+00,+36.32808E-03
+5.50000E-03,+1.86562490E+00,+36.32808E-03
+5.52000E-03,+1.87148428E+00,+36.32808E-03
+5.54000E-03,+1.87734365E+00,+36.32808E-03
+5.56000E-03,+1.88320303E+00,+36.32808E-03
+5.58000E-03,+1.89101553E+00,+36.32808E-03
+5.60000E-03,+1.89687490E+00,+36.32808E-03
+5.62000E-03,+1.90273428E+00,+36.32808E-03
+5.64000E-03,+1.90859365E+00,+36.32808E-03
+5.66000E-03,+1.91640615E+00,+36.32808E-03
+5.68000E-03,+1.92226553E+00,+36.32808E-03
+5.70000E-03,+1.92812490E+00,+36.32808E-03
+5.72000E-03,+1.93398428E+00,+36.32808E-03
+5.74000E-03,+1.94179678E+00,+36.32808E-03
+5.76000E-03,+1.94765615E+00,+36.32808E-03
+5.78000E-03,+1.95351553E+00,+36.32808E-03
+5.80000E-03,+1.95937490E+00,+36.32808E-03
+5.82000E-03,+1.96523428E+00,+36.32808E-03
+5.84000E-03,+1.97109365E+00,+36.32808E-03
+5.86000E-03,+1.97695303E+00,+36.32808E-03
+5.88000E-03,+1.98085928E+00,+36.32808E-03
+5.90000E-03,+1.98671865E+00,+36.32808E-03
+5.92000E-03,+1.99257803E+00,+36.32808E-03
+5.94000E-03,+2.00039053E+00,+36.32808E-03
+5.96000E-03,+2.00624990E+00,+36.32808E-03
+5.98000E-03,+2.01406240E+00,+36.32808E-03
+6.00000E-03,+2.02187490E+00,+36.32808E-03
+6.02000E-03,+2.02968740E+00,+36.32808E-03
+6.04000E-03,+2.03749990E+00,+36.32808E-03
+6.06000E-03,+2.04726553E+00,+36.32808E-03
+6.08000E-03,+2.05312490E+00,+36.32808E-03
+6.10000E-03,+2.05898428E+00,+36.32808E-03
+6.12000E-03,+2.06679678E+00,+34.37495E-03
+6.14000E-03,+2.07265615E+00,+36.32808E-03
+6.16000E-03,+2.08046865E+00,+36.32808E-03
+6.18000E-03,+2.08828115E+00,+34.37495E-03
+6.20000E-03,+2.09609365E+00,+36.32808E-03
+6.22000E-03,+2.10195303E+00,+34.37495E-03
+6.24000E-03,+2.10976553E+00,+36.32808E-03
+6.26000E-03,+2.11757803E+00,+34.37495E-03
+6.28000E-03,+2.12343740E+00,+36.32808E-03
+6.30000E-03,+2.12929678E+00,+36.32808E-03
+6.32000E-03,+2.13515615E+00,+36.32808E-03
+6.34000E-03,+2.14296865E+00,+36.32808E-03
+6.36000E-03,+2.14882803E+00,+36.32808E-03
+6.38000E-03,+2.15468740E+00,+36.32808E-03
+6.40000E-03,+2.16054678E+00,+36.32808E-03
+6.42000E-03,+2.16640615E+00,+36.32808E-03
+6.44000E-03,+2.17226553E+00,+36.32808E-03
+6.46000E-03,+2.17812490E+00,+36.32808E-03
+6.48000E-03,+2.18593740E+00,+36.32808E-03
+6.50000E-03,+2.19374990E+00,+36.32808E-03
+6.52000E-03,+2.20156240E+00,+34.37495E-03
+6.54000E-03,+2.20937490E+00,+36.32808E-03
+6.56000E-03,+2.21718740E+00,+36.32808E-03
+6.58000E-03,+2.22499990E+00,+36.32808E-03
+6.60000E-03,+2.23281240E+00,+36.32808E-03
+6.62000E-03,+2.24062490E+00,+36.32808E-03
+6.64000E-03,+2.24843740E+00,+36.32808E-03
+6.66000E-03,+2.25624990E+00,+36.32808E-03
+6.68000E-03,+2.26406240E+00,+36.32808E-03
+6.70000E-03,+2.27382803E+00,+36.32808E-03
+6.72000E-03,+2.28164053E+00,+36.32808E-03
+6.74000E-03,+2.29140615E+00,+36.32808E-03
+6.76000E-03,+2.30117178E+00,+36.32808E-03
+6.78000E-03,+2.30898428E+00,+34.37495E-03
+6.80000E-03,+2.31679678E+00,+34.37495E-03
+6.82000E-03,+2.32656240E+00,+36.32808E-03
+6.84000E-03,+2.33437490E+00,+36.32808E-03
+6.86000E-03,+2.34218740E+00,+36.32808E-03
+6.88000E-03,+2.34999990E+00,+36.32808E-03
+6.90000E-03,+2.35781240E+00,+36.32808E-03
+6.92000E-03,+2.36562490E+00,+36.32808E-03
+6.94000E-03,+2.37343740E+00,+36.32808E-03
+6.96000E-03,+2.38320303E+00,+36.32808E-03
+6.98000E-03,+2.39101553E+00,+34.37495E-03
+7.00000E-03,+2.39882803E+00,+34.37495E-03
+7.02000E-03,+2.40664053E+00,+34.37495E-03
+7.04000E-03,+2.41445303E+00,+34.37495E-03
+7.06000E-03,+2.42031240E+00,+36.32808E-03
+7.08000E-03,+2.42812490E+00,+36.32808E-03
+7.10000E-03,+2.43398428E+00,+36.32808E-03
+7.12000E-03,+2.44179678E+00,+36.32808E-03
+7.14000E-03,+2.44765615E+00,+36.32808E-03
+7.16000E-03,+2.45351553E+00,+36.32808E-03
+7.18000E-03,+2.45937490E+00,+36.32808E-03
+7.20000E-03,+2.46523428E+00,+36.32808E-03
+7.22000E-03,+2.47109365E+00,+36.32808E-03
+7.24000E-03,+2.47695303E+00,+36.32808E-03
+7.26000E-03,+2.48281240E+00,+36.32808E-03
+7.28000E-03,+2.49062490E+00,+36.32808E-03
+7.30000E-03,+2.49843740E+00,+36.32808E-03
+7.32000E-03,+2.50624990E+00,+34.37495E-03
+7.34000E-03,+2.51406240E+00,+36.32808E-03
+7.36000E-03,+2.52187490E+00,+36.32808E-03
+7.38000E-03,+2.52773428E+00,+36.32808E-03
+7.40000E-03,+2.53554678E+00,+36.32808E-03
+7.42000E-03,+2.54335928E+00,+36.32808E-03
+7.44000E-03,+2.55117178E+00,+34.37495E-03
+7.46000E-03,+2.55703115E+00,+36.32808E-03
+7.48000E-03,+2.56484365E+00,+36.32808E-03
+7.50000E-03,+2.57265615E+00,+36.32808E-03
+7.52000E-03,+2.58046865E+00,+36.32808E-03
+7.54000E-03,+2.58828115E+00,+36.32808E-03
+7.56000E-03,+2.59609365E+00,+36.32808E-03
+7.58000E-03,+2.60195303E+00,+34.37495E-03
+7.60000E-03,+2.60976553E+00,+34.37495E-03
+7.62000E-03,+2.61562490E+00,+34.37495E-03
+7.64000E-03,+2.62343740E+00,+36.32808E-03
+7.66000E-03,+2.62929678E+00,+34.37495E-03
+7.68000E-03,+2.63515615E+00,+34.37495E-03
+7.70000E-03,+2.64101553E+00,+36.32808E-03
+7.72000E-03,+2.64687490E+00,+34.37495E-03
+7.74000E-03,+2.65273428E+00,+34.37495E-03
+7.76000E-03,+2.65664053E+00,+34.37495E-03
+7.78000E-03,+2.66249990E+00,+34.37495E-03
+7.80000E-03,+2.66835928E+00,+34.37495E-03
+7.82000E-03,+2.67421865E+00,+34.37495E-03
+7.84000E-03,+2.68398428E+00,+34.37495E-03
+7.86000E-03,+2.69179678E+00,+34.37495E-03
+7.88000E-03,+2.69765615E+00,+36.32808E-03
+7.90000E-03,+2.70742178E+00,+34.37495E-03
+7.92000E-03,+2.71523428E+00,+34.37495E-03
+7.94000E-03,+2.72304678E+00,+34.37495E-03
+7.96000E-03,+2.73085928E+00,+34.37495E-03
+7.98000E-03,+2.73867178E+00,+34.37495E-03
+8.00000E-03,+2.74648428E+00,+34.37495E-03
+8.02000E-03,+2.75429678E+00,+34.37495E-03
+8.04000E-03,+2.76015615E+00,+34.37495E-03
+8.06000E-03,+2.76796865E+00,+34.37495E-03
+8.08000E-03,+2.77578115E+00,+34.37495E-03
+8.10000E-03,+2.78164053E+00,+34.37495E-03
+8.12000E-03,+2.78749990E+00,+34.37495E-03
+8.14000E-03,+2.79531240E+00,+34.37495E-03
+8.16000E-03,+2.80117178E+00,+34.37495E-03
+8.18000E-03,+2.80703115E+00,+34.37495E-03
+8.20000E-03,+2.81289053E+00,+34.37495E-03
+8.22000E-03,+2.81874990E+00,+34.37495E-03
+8.24000E-03,+2.82460928E+00,+34.37495E-03
+8.26000E-03,+2.83046865E+00,+34.37495E-03
+8.28000E-03,+2.83632803E+00,+34.37495E-03
+8.30000E-03,+2.84218740E+00,+34.37495E-03
+8.32000E-03,+2.84999990E+00,+34.37495E-03
+8.34000E-03,+2.85585928E+00,+34.37495E-03
+8.36000E-03,+2.86171865E+00,+34.37495E-03
+8.38000E-03,+2.86757803E+00,+34.37495E-03
+8.40000E-03,+2.87343740E+00,+34.37495E-03
+8.42000E-03,+2.87929678E+00,+34.37495E-03
+8.44000E-03,+2.88515615E+00,+34.37495E-03
+8.46000E-03,+2.89101553E+00,+34.37495E-03
+8.48000E-03,+2.89882803E+00,+34.37495E-03
+8.50000E-03,+2.90468740E+00,+34.37495E-03
+8.52000E-03,+2.91054678E+00,+34.37495E-03
+8.54000E-03,+2.91640615E+00,+34.37495E-03
+8.56000E-03,+2.92031240E+00,+34.37495E-03
+8.58000E-03,+2.92617178E+00,+34.37495E-03
+8.60000E-03,+2.93203115E+00,+34.37495E-03
+8.62000E-03,+2.93984365E+00,+34.37495E-03
+8.64000E-03,+2.94765615E+00,+34.37495E-03
+8.66000E-03,+2.95351553E+00,+34.37495E-03
+8.68000E-03,+2.96328115E+00,+34.37495E-03
+8.70000E-03,+2.97109365E+00,+34.37495E-03
+8.72000E-03,+2.98085928E+00,+34.37495E-03
+8.74000E-03,+2.99062490E+00,+34.37495E-03
+8.76000E-03,+3.00039053E+00,+34.37495E-03
+8.78000E-03,+3.01015615E+00,+34.37495E-03
+8.80000E-03,+3.01796865E+00,+34.37495E-03
+8.82000E-03,+3.02773428E+00,+34.37495E-03
+8.84000E-03,+3.03554678E+00,+34.37495E-03
+8.86000E-03,+3.04335928E+00,+34.37495E-03
+8.88000E-03,+3.05117178E+00,+32.42183E-03
+8.90000E-03,+3.05898428E+00,+34.37495E-03
+8.92000E-03,+3.06679678E+00,+34.37495E-03
+8.94000E-03,+3.07460928E+00,+34.37495E-03
+8.96000E-03,+3.08046865E+00,+34.37495E-03
+8.98000E-03,+3.08437490E+00,+34.37495E-03
+9.00000E-03,+3.09023428E+00,+34.37495E-03
+9.02000E-03,+3.09414053E+00,+34.37495E-03
+9.04000E-03,+3.09999990E+00,+34.37495E-03
+9.06000E-03,+3.10781240E+00,+32.42183E-03
+9.08000E-03,+3.11367178E+00,+32.42183E-03
+9.10000E-03,+3.11953115E+00,+32.42183E-03
+9.12000E-03,+3.12539053E+00,+34.37495E-03
+9.14000E-03,+3.13124990E+00,+34.37495E-03
+9.16000E-03,+3.13906240E+00,+32.42183E-03
+9.18000E-03,+3.14492178E+00,+34.37495E-03
+9.20000E-03,+3.15078115E+00,+34.37495E-03
+9.22000E-03,+3.15664053E+00,+34.37495E-03
+9.24000E-03,+3.16249990E+00,+34.37495E-03
+9.26000E-03,+3.16835928E+00,+34.37495E-03
+9.28000E-03,+3.17421865E+00,+34.37495E-03
+9.30000E-03,+3.18007803E+00,+34.37495E-03
+9.32000E-03,+3.18593740E+00,+34.37495E-03
+9.34000E-03,+3.19179678E+00,+34.37495E-03
+9.36000E-03,+3.19765615E+00,+34.37495E-03
+9.38000E-03,+3.20351553E+00,+34.37495E-03
+9.40000E-03,+3.20937490E+00,+34.37495E-03
+9.42000E-03,+3.21523428E+00,+34.37495E-03
+9.44000E-03,+3.22109365E+00,+34.37495E-03
+9.46000E-03,+3.22890615E+00,+34.37495E-03
+9.48000E-03,+3.23476553E+00,+34.37495E-03
+9.50000E-03,+3.24062490E+00,+34.37495E-03
+9.52000E-03,+3.24648428E+00,+34.37495E-03
+9.54000E-03,+3.25429678E+00,+34.37495E-03
+9.56000E-03,+3.26015615E+00,+34.37495E-03
+9.58000E-03,+3.26601553E+00,+34.37495E-03
+9.60000E-03,+3.27578115E+00,+34.37495E-03
+9.62000E-03,+3.28164053E+00,+34.37495E-03
+9.64000E-03,+3.28945303E+00,+34.37495E-03
+9.66000E-03,+3.29726553E+00,+34.37495E-03
+9.68000E-03,+3.30507803E+00,+34.37495E-03
+9.70000E-03,+3.31289053E+00,+34.37495E-03
+9.72000E-03,+3.32070303E+00,+34.37495E-03
+9.74000E-03,+3.32656240E+00,+34.37495E-03
+9.76000E-03,+3.33242178E+00,+34.37495E-03
+9.78000E-03,+3.34023428E+00,+34.37495E-03
+9.80000E-03,+3.34609365E+00,+34.37495E-03
+9.82000E-03,+3.35390615E+00,+34.37495E-03
+9.84000E-03,+3.35976553E+00,+34.37495E-03
+9.86000E-03,+3.36757803E+00,+34.37495E-03
+9.88000E-03,+3.37539053E+00,+34.37495E-03
+9.90000E-03,+3.38124990E+00,+34.37495E-03
+9.92000E-03,+3.38906240E+00,+34.37495E-03
+9.94000E-03,+3.39492178E+00,+32.42183E-03
+9.96000E-03,+3.40078115E+00,+34.37495E-03
+9.98000E-03,+3.40859365E+00,+34.37495E-03
+10.00000E-03,+3.41249990E+00,+34.37495E-03
+10.02000E-03,+3.41835928E+00,+34.37495E-03
+10.04000E-03,+3.42421865E+00,+34.37495E-03
+10.06000E-03,+3.43007803E+00,+34.37495E-03
+10.08000E-03,+3.43789053E+00,+34.37495E-03
+10.10000E-03,+3.44374990E+00,+34.37495E-03
+10.12000E-03,+3.45156240E+00,+34.37495E-03
+10.14000E-03,+3.45937490E+00,+34.37495E-03
+10.16000E-03,+3.46914053E+00,+34.37495E-03
+10.18000E-03,+3.47695303E+00,+34.37495E-03
+10.20000E-03,+3.48476553E+00,+32.42183E-03
+10.22000E-03,+3.49257803E+00,+34.37495E-03
+10.24000E-03,+3.50039053E+00,+34.37495E-03
+10.26000E-03,+3.50624990E+00,+34.37495E-03
+10.28000E-03,+3.51601553E+00,+34.37495E-03
+10.30000E-03,+3.52187490E+00,+34.37495E-03
+10.32000E-03,+3.53164053E+00,+34.37495E-03
+10.34000E-03,+3.53945303E+00,+34.37495E-03
+10.36000E-03,+3.54921865E+00,+34.37495E-03
+10.38000E-03,+3.55898428E+00,+34.37495E-03
+10.40000E-03,+3.56874990E+00,+34.37495E-03
+10.42000E-03,+3.57656240E+00,+34.37495E-03
+10.44000E-03,+3.58632803E+00,+34.37495E-03
+10.46000E-03,+3.59414053E+00,+34.37495E-03
+10.48000E-03,+3.59999990E+00,+34.37495E-03
+10.50000E-03,+3.60585928E+00,+34.37495E-03
+10.52000E-03,+3.61171865E+00,+34.37495E-03
+10.54000E-03,+3.61953115E+00,+32.42183E-03
+10.56000E-03,+3.62734365E+00,+34.37495E-03
+10.58000E-03,+3.63320303E+00,+34.37495E-03
+10.60000E-03,+3.64101553E+00,+34.37495E-03
+10.62000E-03,+3.64882803E+00,+34.37495E-03
+10.64000E-03,+3.65664053E+00,+34.37495E-03
+10.66000E-03,+3.66445303E+00,+34.37495E-03
+10.68000E-03,+3.67031240E+00,+34.37495E-03
+10.70000E-03,+3.67812490E+00,+34.37495E-03
+10.72000E-03,+3.68789053E+00,+34.37495E-03
+10.74000E-03,+3.69374990E+00,+34.37495E-03
+10.76000E-03,+3.70156240E+00,+34.37495E-03
+10.78000E-03,+3.70937490E+00,+34.37495E-03
+10.80000E-03,+3.71523428E+00,+34.37495E-03
+10.82000E-03,+3.72304678E+00,+34.37495E-03
+10.84000E-03,+3.72890615E+00,+34.37495E-03
+10.86000E-03,+3.73476553E+00,+34.37495E-03
+10.88000E-03,+3.74257803E+00,+34.37495E-03
+10.90000E-03,+3.75039053E+00,+34.37495E-03
+10.92000E-03,+3.75820303E+00,+34.37495E-03
+10.94000E-03,+3.76406240E+00,+32.42183E-03
+10.96000E-03,+3.77187490E+00,+32.42183E-03
+10.98000E-03,+3.77968740E+00,+34.37495E-03
+11.00000E-03,+3.78749990E+00,+32.42183E-03
+11.02000E-03,+3.79531240E+00,+32.42183E-03
+11.04000E-03,+3.80312490E+00,+34.37495E-03
+11.06000E-03,+3.80898428E+00,+34.37495E-03
+11.08000E-03,+3.81679678E+00,+32.42183E-03
+11.10000E-03,+3.82460928E+00,+34.37495E-03
+11.12000E-03,+3.83242178E+00,+34.37495E-03
+11.14000E-03,+3.84023428E+00,+34.37495E-03
+11.16000E-03,+3.84609365E+00,+34.37495E-03
+11.18000E-03,+3.85195303E+00,+34.37495E-03
+11.20000E-03,+3.85976553E+00,+34.37495E-03
+11.22000E-03,+3.86562490E+00,+34.37495E-03
+11.24000E-03,+3.87148428E+00,+34.37495E-03
+11.26000E-03,+3.87734365E+00,+32.42183E-03
+11.28000E-03,+3.88320303E+00,+34.37495E-03
+11.30000E-03,+3.88906240E+00,+34.37495E-03
+11.32000E-03,+3.89687490E+00,+34.37495E-03
+11.34000E-03,+3.90468740E+00,+34.37495E-03
+11.36000E-03,+3.91054678E+00,+32.42183E-03
+11.38000E-03,+3.91835928E+00,+34.37495E-03
+11.40000E-03,+3.92421865E+00,+34.37495E-03
+11.42000E-03,+3.93203115E+00,+34.37495E-03
+11.44000E-03,+3.93984365E+00,+34.37495E-03
+11.46000E-03,+3.94570303E+00,+34.37495E-03
+11.48000E-03,+3.95351553E+00,+34.37495E-03
+11.50000E-03,+3.95937490E+00,+34.37495E-03
+11.52000E-03,+3.96718740E+00,+34.37495E-03
+11.54000E-03,+3.97499990E+00,+34.37495E-03
+11.56000E-03,+3.98085928E+00,+34.37495E-03
+11.58000E-03,+3.98867178E+00,+34.37495E-03
+11.60000E-03,+3.99453115E+00,+34.37495E-03
+11.62000E-03,+4.00234365E+00,+32.42183E-03
+11.64000E-03,+4.01015615E+00,+32.42183E-03
+11.66000E-03,+4.01796865E+00,+34.37495E-03
+11.68000E-03,+4.02382803E+00,+34.37495E-03
+11.70000E-03,+4.02968740E+00,+34.37495E-03
+11.72000E-03,+4.03554678E+00,+34.37495E-03
+11.74000E-03,+4.04335928E+00,+32.42183E-03
+11.76000E-03,+4.05117178E+00,+34.37495E-03
+11.78000E-03,+4.05507803E+00,+34.37495E-03
+11.80000E-03,+4.06093740E+00,+32.42183E-03
+11.82000E-03,+4.06679678E+00,+32.42183E-03
+11.84000E-03,+4.07265615E+00,+32.42183E-03
+11.86000E-03,+4.08046865E+00,+34.37495E-03
+11.88000E-03,+4.08632803E+00,+32.42183E-03
+11.90000E-03,+4.09218740E+00,+32.42183E-03
+11.92000E-03,+4.09804678E+00,+32.42183E-03
+11.94000E-03,+4.10390615E+00,+32.42183E-03
+11.96000E-03,+4.10976553E+00,+32.42183E-03
+11.98000E-03,+4.11562490E+00,+32.42183E-03
+12.00000E-03,+4.12343740E+00,+32.42183E-03
+12.02000E-03,+4.12929678E+00,+32.42183E-03
+12.04000E-03,+4.13515615E+00,+32.42183E-03
+12.06000E-03,+4.14296865E+00,+32.42183E-03
+12.08000E-03,+4.15078115E+00,+32.42183E-03
+12.10000E-03,+4.15664053E+00,+32.42183E-03
+12.12000E-03,+4.16249990E+00,+32.42183E-03
+12.14000E-03,+4.16835928E+00,+32.42183E-03
+12.16000E-03,+4.17226553E+00,+32.42183E-03
+12.18000E-03,+4.17812490E+00,+32.42183E-03
+12.20000E-03,+4.18593740E+00,+32.42183E-03
+12.22000E-03,+4.19179678E+00,+32.42183E-03
+12.24000E-03,+4.19960928E+00,+32.42183E-03
+12.26000E-03,+4.20546865E+00,+32.42183E-03
+12.28000E-03,+4.21523428E+00,+32.42183E-03
+12.30000E-03,+4.22304678E+00,+32.42183E-03
+12.32000E-03,+4.23085928E+00,+32.42183E-03
+12.34000E-03,+4.24062490E+00,+32.42183E-03
+12.36000E-03,+4.24843740E+00,+32.42183E-03
+12.38000E-03,+4.25820303E+00,+32.42183E-03
+12.40000E-03,+4.26796865E+00,+32.42183E-03
+12.42000E-03,+4.27773428E+00,+32.42183E-03
+12.44000E-03,+4.28554678E+00,+32.42183E-03
+12.46000E-03,+4.29335928E+00,+32.42183E-03
+12.48000E-03,+4.30312490E+00,+32.42183E-03
+12.50000E-03,+4.31289053E+00,+32.42183E-03
+12.52000E-03,+4.32070303E+00,+32.42183E-03
+12.54000E-03,+4.32851553E+00,+32.42183E-03
+12.56000E-03,+4.33632803E+00,+32.42183E-03
+12.58000E-03,+4.34218740E+00,+32.42183E-03
+12.60000E-03,+4.34999990E+00,+32.42183E-03
+12.62000E-03,+4.35585928E+00,+32.42183E-03
+12.64000E-03,+4.35976553E+00,+32.42183E-03
+12.66000E-03,+4.36562490E+00,+32.42183E-03
+12.68000E-03,+4.37148428E+00,+32.42183E-03
+12.70000E-03,+4.37734365E+00,+32.42183E-03
+12.72000E-03,+4.38320303E+00,+32.42183E-03
+12.74000E-03,+4.38906240E+00,+32.42183E-03
+12.76000E-03,+4.39687490E+00,+32.42183E-03
+12.78000E-03,+4.40273428E+00,+32.42183E-03
+12.80000E-03,+4.40859365E+00,+32.42183E-03
+12.82000E-03,+4.41445303E+00,+32.42183E-03
+12.84000E-03,+4.42031240E+00,+32.42183E-03
+12.86000E-03,+4.42617178E+00,+32.42183E-03
+12.88000E-03,+4.43398428E+00,+32.42183E-03
+12.90000E-03,+4.43984365E+00,+32.42183E-03
+12.92000E-03,+4.44765615E+00,+32.42183E-03
+12.94000E-03,+4.45351553E+00,+32.42183E-03
+12.96000E-03,+4.45937490E+00,+32.42183E-03
+12.98000E-03,+4.46718740E+00,+32.42183E-03
+13.00000E-03,+4.47304678E+00,+32.42183E-03
+13.02000E-03,+4.47890615E+00,+32.42183E-03
+13.04000E-03,+4.48476553E+00,+32.42183E-03
+13.06000E-03,+4.49062490E+00,+32.42183E-03
+13.08000E-03,+4.49648428E+00,+32.42183E-03
+13.10000E-03,+4.50234365E+00,+32.42183E-03
+13.12000E-03,+4.50820303E+00,+32.42183E-03
+13.14000E-03,+4.51406240E+00,+32.42183E-03
+13.16000E-03,+4.52187490E+00,+34.37495E-03
+13.18000E-03,+4.52968740E+00,+34.37495E-03
+13.20000E-03,+4.53749990E+00,+32.42183E-03
+13.22000E-03,+4.54531240E+00,+32.42183E-03
+13.24000E-03,+4.55507803E+00,+34.37495E-03
+13.26000E-03,+4.56093740E+00,+34.37495E-03
+13.28000E-03,+4.56874990E+00,+34.37495E-03
+13.30000E-03,+4.57851553E+00,+34.37495E-03
+13.32000E-03,+4.58437490E+00,+34.37495E-03
+13.34000E-03,+4.59218740E+00,+34.37495E-03
+13.36000E-03,+4.59999990E+00,+34.37495E-03
+13.38000E-03,+4.60781240E+00,+34.37495E-03
+13.40000E-03,+4.61757803E+00,+34.37495E-03
+13.42000E-03,+4.62539053E+00,+34.37495E-03
+13.44000E-03,+4.63320303E+00,+34.37495E-03
+13.46000E-03,+4.64101553E+00,+34.37495E-03
+13.48000E-03,+4.64882803E+00,+34.37495E-03
+13.50000E-03,+4.65468740E+00,+34.37495E-03
+13.52000E-03,+4.66445303E+00,+34.37495E-03
+13.54000E-03,+4.67031240E+00,+34.37495E-03
+13.56000E-03,+4.67617178E+00,+34.37495E-03
+13.58000E-03,+4.68203115E+00,+34.37495E-03
+13.60000E-03,+4.68789053E+00,+32.42183E-03
+13.62000E-03,+4.69374990E+00,+32.42183E-03
+13.64000E-03,+4.70156240E+00,+32.42183E-03
+13.66000E-03,+4.70742178E+00,+32.42183E-03
+13.68000E-03,+4.71328115E+00,+32.42183E-03
+13.70000E-03,+4.72109365E+00,+32.42183E-03
+13.72000E-03,+4.72695303E+00,+32.42183E-03
+13.74000E-03,+4.73476553E+00,+32.42183E-03
+13.76000E-03,+4.74062490E+00,+32.42183E-03
+13.78000E-03,+4.74843740E+00,+32.42183E-03
+13.80000E-03,+4.75429678E+00,+32.42183E-03
+13.82000E-03,+4.76210928E+00,+32.42183E-03
+13.84000E-03,+4.76992178E+00,+32.42183E-03
+13.86000E-03,+4.77578115E+00,+32.42183E-03
+13.88000E-03,+4.78164053E+00,+32.42183E-03
+13.90000E-03,+4.78749990E+00,+32.42183E-03
+13.92000E-03,+4.79531240E+00,+32.42183E-03
+13.94000E-03,+4.80117178E+00,+32.42183E-03
+13.96000E-03,+4.80703115E+00,+32.42183E-03
+13.98000E-03,+4.81289053E+00,+32.42183E-03
+14.00000E-03,+4.81874990E+00,+32.42183E-03
+14.02000E-03,+4.82460928E+00,+32.42183E-03
+14.04000E-03,+4.83046865E+00,+32.42183E-03
+14.06000E-03,+4.83632803E+00,+32.42183E-03
+14.08000E-03,+4.84414053E+00,+32.42183E-03
+14.10000E-03,+4.84999990E+00,+32.42183E-03
+14.12000E-03,+4.85781240E+00,+32.42183E-03
+14.14000E-03,+4.86171865E+00,+32.42183E-03
+14.16000E-03,+4.86953115E+00,+32.42183E-03
+14.18000E-03,+4.87539053E+00,+32.42183E-03
+14.20000E-03,+4.88124990E+00,+32.42183E-03
+14.22000E-03,+4.88710928E+00,+32.42183E-03
+14.24000E-03,+4.89296865E+00,+32.42183E-03
+14.26000E-03,+4.89882803E+00,+32.42183E-03
+14.28000E-03,+1.64882803E+00,+2.77265620E+00
+14.30000E-03,-23.04697E-03,+4.87226558E+00
+14.32000E-03,-19.14072E-03,+4.88203120E+00
+14.34000E-03,-13.28135E-03,+4.88984370E+00
+14.36000E-03,-5.46885E-03,+4.89570308E+00
+14.38000E-03,+6.24990E-03,+4.90156245E+00
+14.40000E-03,+16.01553E-03,+4.90546870E+00
+14.42000E-03,+27.73428E-03,+4.90937495E+00
+14.44000E-03,+37.49990E-03,+4.91132808E+00
+14.46000E-03,+47.26553E-03,+4.91328120E+00
+14.48000E-03,+55.07803E-03,+4.91523433E+00
+14.50000E-03,+62.89053E-03,+4.91718745E+00
+14.52000E-03,+70.70303E-03,+4.91914058E+00
+14.54000E-03,+78.51553E-03,+4.92109370E+00
+14.56000E-03,+86.32803E-03,+4.92304683E+00
+14.58000E-03,+94.14053E-03,+4.92304683E+00
+14.60000E-03,+99.99990E-03,+4.92499995E+00
+14.62000E-03,+109.76553E-03,+4.92499995E+00
+14.64000E-03,+115.62490E-03,+4.92695308E+00
+14.66000E-03,+123.43740E-03,+4.92695308E+00
+14.68000E-03,+129.29678E-03,+4.92890620E+00
+14.70000E-03,+137.10928E-03,+4.92890620E+00
+14.72000E-03,+142.96865E-03,+4.93085933E+00
+14.74000E-03,+148.82803E-03,+4.93085933E+00
+14.76000E-03,+154.68740E-03,+4.93281245E+00
+14.78000E-03,+158.59365E-03,+4.93476558E+00
+14.80000E-03,+162.49990E-03,+4.93476558E+00
+14.82000E-03,+168.35928E-03,+4.93671870E+00
+14.84000E-03,+172.26553E-03,+4.93867183E+00
+14.86000E-03,+176.17178E-03,+4.93867183E+00
+14.88000E-03,+180.07803E-03,+4.94062495E+00
+14.90000E-03,+185.93740E-03,+4.94257808E+00
+14.92000E-03,+191.79678E-03,+4.94257808E+00
+14.94000E-03,+197.65615E-03,+4.94453120E+00
+14.96000E-03,+203.51553E-03,+4.94648433E+00
+14.98000E-03,+211.32803E-03,+4.94648433E+00
+15.00000E-03,+217.18740E-03,+4.94843745E+00
+15.02000E-03,+224.99990E-03,+4.94843745E+00
+15.04000E-03,+232.81240E-03,+4.95039058E+00
+15.06000E-03,+236.71865E-03,+4.95234370E+00
+15.08000E-03,+244.53115E-03,+4.95234370E+00
+15.10000E-03,+250.39053E-03,+4.95429683E+00
+15.12000E-03,+256.24990E-03,+4.95624995E+00
+15.14000E-03,+262.10928E-03,+4.95624995E+00
+15.16000E-03,+267.96865E-03,+4.95820308E+00
+15.18000E-03,+275.78115E-03,+4.95820308E+00
+15.20000E-03,+281.64053E-03,+4.95820308E+00
+15.22000E-03,+289.45303E-03,+4.96015620E+00
+15.24000E-03,+297.26553E-03,+4.96015620E+00
+15.26000E-03,+305.07803E-03,+4.96210933E+00
+15.28000E-03,+310.93740E-03,+4.96210933E+00
+15.30000E-03,+318.74990E-03,+4.96406245E+00
+15.32000E-03,+326.56240E-03,+4.96406245E+00
+15.34000E-03,+334.37490E-03,+4.96406245E+00
+15.36000E-03,+342.18740E-03,+4.96406245E+00
+15.38000E-03,+349.99990E-03,+4.96601558E+00
+15.40000E-03,+357.81240E-03,+4.96601558E+00
+15.42000E-03,+365.62490E-03,+4.96406245E+00
+15.44000E-03,+373.43740E-03,+4.96601558E+00
+15.46000E-03,+381.24990E-03,+4.96406245E+00
+15.48000E-03,+389.06240E-03,+4.96406245E+00
+15.50000E-03,+396.87490E-03,+4.96406245E+00
+15.52000E-03,+406.64053E-03,+4.96210933E+00
+15.54000E-03,+414.45303E-03,+4.96015620E+00
+15.56000E-03,+422.26553E-03,+4.95624995E+00
+15.58000E-03,+428.12490E-03,+4.95234370E+00
+15.60000E-03,+433.98428E-03,+4.94648433E+00
+15.62000E-03,+441.79678E-03,+4.94062495E+00
+15.64000E-03,+447.65615E-03,+4.93085933E+00
+15.66000E-03,+453.51553E-03,+4.91718745E+00
+15.68000E-03,+459.37490E-03,+4.90546870E+00
+15.70000E-03,+465.23428E-03,+4.88789058E+00
+15.72000E-03,+469.14053E-03,+4.86445308E+00
+15.74000E-03,+474.99990E-03,+4.84492183E+00
+15.76000E-03,+480.85928E-03,+4.81171870E+00
+15.78000E-03,+486.71865E-03,+4.76679683E+00
+15.80000E-03,+494.53115E-03,+4.70039058E+00
+15.82000E-03,+500.39053E-03,+4.61249995E+00
+15.84000E-03,+508.20303E-03,+4.49531245E+00
+15.86000E-03,+516.01553E-03,+4.33515620E+00
+15.88000E-03,+521.87490E-03,+4.15937495E+00
+15.90000E-03,+529.68740E-03,+3.95624995E+00
+15.92000E-03,+537.49990E-03,+3.60468745E+00
+15.94000E-03,+545.31240E-03,+3.20820308E+00
+15.96000E-03,+553.12490E-03,+2.72968745E+00
+15.98000E-03,+558.98428E-03,+2.06953120E+00
+16.00000E-03,+566.79678E-03,+1.31757808E+00
+16.02000E-03,+574.60928E-03,+395.70308E-03
+16.04000E-03,+580.46865E-03,+130.07808E-03
+16.06000E-03,+588.28115E-03,+114.45308E-03
+16.08000E-03,+594.14053E-03,+98.82808E-03
+16.10000E-03,+601.95303E-03,+91.01558E-03
+16.12000E-03,+607.81240E-03,+87.10933E-03
+16.14000E-03,+613.67178E-03,+83.20308E-03
+16.16000E-03,+621.48428E-03,+81.24995E-03
+16.18000E-03,+627.34365E-03,+79.29683E-03
+16.20000E-03,+633.20303E-03,+77.34370E-03
+16.22000E-03,+641.01553E-03,+75.39058E-03
+16.24000E-03,+644.92178E-03,+75.39058E-03
+16.26000E-03,+650.78115E-03,+73.43745E-03
+16.28000E-03,+654.68740E-03,+73.43745E-03
+16.30000E-03,+660.54678E-03,+71.48433E-03
+16.32000E-03,+666.40615E-03,+71.48433E-03
+16.34000E-03,+672.26553E-03,+69.53120E-03
+16.36000E-03,+680.07803E-03,+69.53120E-03
+16.38000E-03,+687.89053E-03,+69.53120E-03
+16.40000E-03,+693.74990E-03,+69.53120E-03
+16.42000E-03,+701.56240E-03,+67.57808E-03
+16.44000E-03,+709.37490E-03,+67.57808E-03
+16.46000E-03,+717.18740E-03,+65.62495E-03
+16.48000E-03,+724.99990E-03,+65.62495E-03
+16.50000E-03,+730.85928E-03,+63.67183E-03
+16.52000E-03,+738.67178E-03,+63.67183E-03
+16.54000E-03,+744.53115E-03,+63.67183E-03
+16.56000E-03,+752.34365E-03,+61.71870E-03
+16.58000E-03,+760.15615E-03,+61.71870E-03
+16.60000E-03,+767.96865E-03,+59.76558E-03
+16.62000E-03,+773.82803E-03,+59.76558E-03
+16.64000E-03,+781.64053E-03,+57.81245E-03
+16.66000E-03,+787.49990E-03,+57.81245E-03
+16.68000E-03,+795.31240E-03,+57.81245E-03
+16.70000E-03,+801.17178E-03,+55.85933E-03
+16.72000E-03,+808.98428E-03,+55.85933E-03
+16.74000E-03,+814.84365E-03,+53.90620E-03
+16.76000E-03,+820.70303E-03,+53.90620E-03
