x-axis,1,2
second,Volt,Volt
+49.988640000E-03,-111.828088750E-03,+4.915906190869E+00
+49.988645000E-03,-133.312463738E-03,+4.921765565866E+00
+49.988650000E-03,-125.499963773E-03,+4.910046815890E+00
+49.988655000E-03,-156.749963695E-03,+4.915906190860E+00
+49.988660000E-03,-115.734338867E-03,+4.906140565898E+00
+49.988665000E-03,-143.078088675E-03,+4.915906190842E+00
+49.988670000E-03,-125.499963825E-03,+4.906140565908E+00
+49.988675000E-03,-143.078088687E-03,+4.915906190831E+00
+49.988680000E-03,-117.687463880E-03,+4.910046815900E+00
+49.988685000E-03,-127.453088709E-03,+4.919812440821E+00
+49.988690000E-03,-137.218713704E-03,+4.906140565951E+00
+49.988695000E-03,-133.312463785E-03,+4.915906190811E+00
+49.988700000E-03,-127.453088800E-03,+4.910046815912E+00
+49.988705000E-03,-109.874963889E-03,+4.919812440800E+00
+49.988710000E-03,-143.078088499E-03,+4.921765565857E+00
+49.988715000E-03,-102.062464105E-03,+4.911999940954E+00
+49.988720000E-03,-146.984338360E-03,+4.915906190837E+00
+49.988725000E-03,-109.874964111E-03,+4.911999940909E+00
+49.988730000E-03,-152.843713332E-03,+4.925671815736E+00
+49.988735000E-03,-94.249964376E-03,+4.911999941016E+00
+49.988740000E-03,-141.124963243E-03,+4.921765565765E+00
+49.988745000E-03,-100.109339234E-03,+4.919812440895E+00
+49.988750000E-03,-137.218713312E-03,+4.915906190919E+00
+49.988755000E-03,-115.734339031E-03,+4.911999940921E+00
+49.988760000E-03,-125.499963632E-03,+4.915906190821E+00
+49.988765000E-03,-117.687463867E-03,+4.919812440819E+00
+49.988770000E-03,-133.312463539E-03,+4.919812440872E+00
+49.988775000E-03,-117.687463990E-03,+4.921765565843E+00
+49.988780000E-03,-137.218713463E-03,+4.915906190961E+00
+49.988785000E-03,-100.109339345E-03,+4.927624940687E+00
+49.988790000E-03,-109.874963601E-03,+4.915906191063E+00
+49.988795000E-03,-115.734338662E-03,+4.925671815708E+00
+49.988800000E-03,-141.124963320E-03,+4.921765565940E+00
+49.988805000E-03,-127.453089005E-03,+4.921765565872E+00
+49.988810000E-03,-162.609338114E-03,+4.919812440908E+00
+49.988815000E-03,-105.968714832E-03,+4.915906190946E+00
+49.988820000E-03,-143.078088039E-03,+4.921765565758E+00
+49.988825000E-03,-105.968714502E-03,+4.925671815794E+00
+49.988830000E-03,-125.499963360E-03,+4.919812440992E+00
+49.988835000E-03,-117.687463925E-03,+4.906140566160E+00
+49.988840000E-03,-117.687463760E-03,+4.921765565535E+00
+49.988845000E-03,-100.109339149E-03,+4.910046816131E+00
+49.988850000E-03,-115.734338407E-03,+4.919812440651E+00
+49.988855000E-03,-117.687463715E-03,+4.919812440872E+00
+49.988860000E-03,-111.828088899E-03,+4.935437440503E+00
+49.988865000E-03,-111.828088760E-03,+4.921765566203E+00
+49.988870000E-03,-109.874963809E-03,+4.931531190631E+00
+49.988875000E-03,-125.499963366E-03,+4.921765566119E+00
+49.988880000E-03,-94.249964566E-03,+4.937390565470E+00
+49.988885000E-03,-127.453087887E-03,+4.941296815769E+00
+49.988890000E-03,-111.828089179E-03,+4.919812441448E+00
+49.988895000E-03,-125.499963387E-03,+4.919812440872E+00
+49.988900000E-03,-105.968714305E-03,+4.927624940654E+00
+49.988905000E-03,-96.203089038E-03,+4.941296815484E+00
+49.988910000E-03,-117.687463139E-03,+4.919812441494E+00
+49.988915000E-03,-117.687463760E-03,+4.921765565815E+00
+49.988920000E-03,-121.593713643E-03,+4.927624940697E+00
+49.988925000E-03,-105.968714237E-03,+4.919812441110E+00
+49.988930000E-03,-115.734338457E-03,+4.925671815690E+00
+49.988935000E-03,-105.968714069E-03,+4.906140566489E+00
+49.988940000E-03,-131.359337946E-03,+4.925671815246E+00
+49.988945000E-03,-115.734339270E-03,+4.910046816382E+00
+49.988950000E-03,-127.453088372E-03,+4.925671815354E+00
+49.988955000E-03,-115.734339155E-03,+4.925671815872E+00
+49.988960000E-03,-141.124962892E-03,+4.931531190672E+00
+49.988965000E-03,-125.499964303E-03,+4.915906191415E+00
+49.988970000E-03,-115.734339105E-03,+4.925671815528E+00
+49.988975000E-03,-121.593713551E-03,+4.915906191221E+00
+49.988980000E-03,-109.874964186E-03,+4.927624940447E+00
+49.988985000E-03,-131.359337969E-03,+4.919812441160E+00
+49.988990000E-03,-125.499963979E-03,+4.921765565799E+00
+49.988995000E-03,-105.968714500E-03,+4.921765565872E+00
+49.989000000E-03,-115.734338385E-03,+4.925671815722E+00
+49.989005000E-03,-131.359338152E-03,+4.919812441100E+00
+49.989010000E-03,-156.749962759E-03,+4.919812440872E+00
+49.989015000E-03,-111.828090556E-03,+4.919812440872E+00
+49.989020000E-03,-137.218712732E-03,+4.921765565793E+00
+49.989025000E-03,-102.062465203E-03,+4.921765565872E+00
+49.989030000E-03,-143.078087056E-03,+4.910046816359E+00
+49.989035000E-03,-121.593714664E-03,+4.910046815872E+00
+49.989040000E-03,-131.359338344E-03,+4.910046815872E+00
+49.989045000E-03,-105.968714856E-03,+4.915906190619E+00
+49.989050000E-03,-137.218712396E-03,+4.915906190872E+00
+49.989055000E-03,-121.593714451E-03,+4.911999941045E+00
+49.989060000E-03,-137.218713062E-03,+4.915906190698E+00
+49.989065000E-03,-125.499964291E-03,+4.904187441402E+00
+49.989070000E-03,-125.499963760E-03,+4.921765565068E+00
+49.989075000E-03,-125.499963760E-03,+4.904187441686E+00
+49.989080000E-03,-141.124963029E-03,+4.921765565049E+00
+49.989085000E-03,-121.593714685E-03,+4.911999941335E+00
+49.989090000E-03,-143.078087732E-03,+4.931531189937E+00
+49.989095000E-03,-137.218714044E-03,+4.919812441439E+00
+49.989100000E-03,-133.312463951E-03,+4.915906191063E+00
+49.989105000E-03,-131.359338857E-03,+4.915906190872E+00
+49.989110000E-03,-133.312463663E-03,+4.911999941067E+00
+49.989115000E-03,-143.078088267E-03,+4.904187441267E+00
+49.989120000E-03,-127.453089558E-03,+4.915906190274E+00
+49.989125000E-03,-143.078087955E-03,+4.911999941074E+00
+49.989130000E-03,-148.937463455E-03,+4.911999940872E+00
+49.989135000E-03,-133.312464582E-03,+4.911999940872E+00
+49.989140000E-03,-127.453089072E-03,+4.904187441287E+00
+49.989145000E-03,-137.218713236E-03,+4.900281191082E+00
+49.989150000E-03,-143.078088443E-03,+4.911999940237E+00
+49.989155000E-03,-148.937463440E-03,+4.906140566193E+00
+49.989160000E-03,-137.218714408E-03,+4.900281191196E+00
+49.989165000E-03,-141.124963543E-03,+4.910046815328E+00
+49.989170000E-03,-152.843713101E-03,+4.910046815872E+00
+49.989175000E-03,-133.312464870E-03,+4.910046815872E+00
+49.989180000E-03,-156.749962416E-03,+4.911999940760E+00
+49.989185000E-03,-121.593715795E-03,+4.904187441324E+00
+49.989190000E-03,-127.453088418E-03,+4.911999940416E+00
+49.989195000E-03,-148.937462494E-03,+4.906140566217E+00
+49.989200000E-03,-125.499965154E-03,+4.906140565872E+00
+49.989205000E-03,-146.984337472E-03,+4.906140565872E+00
+49.989210000E-03,-125.499965060E-03,+4.919812440045E+00
+49.989215000E-03,-127.453088641E-03,+4.911999941349E+00
+49.989220000E-03,-111.828089722E-03,+4.915906190632E+00
+49.989225000E-03,-131.359337548E-03,+4.896374942085E+00
+49.989230000E-03,-117.687464616E-03,+4.921765564282E+00
+49.989235000E-03,-127.453088144E-03,+4.910046816612E+00
+49.989240000E-03,-143.078087766E-03,+4.915906190499E+00
+49.989245000E-03,-121.593715139E-03,+4.906140566499E+00
+49.989250000E-03,-143.078087370E-03,+4.915906190240E+00
+49.989255000E-03,-133.312464398E-03,+4.915906190872E+00
+49.989260000E-03,-137.218713503E-03,+4.915906190872E+00
+49.989265000E-03,-131.359339149E-03,+4.915906190872E+00
+49.989270000E-03,-146.984337716E-03,+4.915906190872E+00
+49.989275000E-03,-125.499965207E-03,+4.906140566530E+00
+49.989280000E-03,-115.734339423E-03,+4.906140565872E+00
+49.989285000E-03,-137.218712291E-03,+4.919812439937E+00
+49.989290000E-03,-137.218713760E-03,+4.904187441949E+00
+49.989295000E-03,-127.453089439E-03,+4.910046815465E+00
+49.989300000E-03,-111.828089854E-03,+4.919812440189E+00
+49.989305000E-03,-137.218711970E-03,+4.915906191148E+00
+49.989310000E-03,-143.078088344E-03,+4.919812440595E+00
+49.989315000E-03,-137.218714180E-03,+4.910046816571E+00
+49.989320000E-03,-148.937462916E-03,+4.910046815872E+00
+49.989325000E-03,-109.874966597E-03,+4.915906190447E+00
+49.989330000E-03,-162.609334904E-03,+4.911999941158E+00
+49.989335000E-03,-109.874967645E-03,+4.919812440297E+00
+49.989340000E-03,-127.453087456E-03,+4.910046816597E+00
+49.989345000E-03,-102.062465657E-03,+4.921765564997E+00
+49.989350000E-03,-137.218711115E-03,+4.915906191313E+00
+49.989355000E-03,-109.874965832E-03,+4.911999941168E+00
+49.989360000E-03,-125.499962568E-03,+4.919812440276E+00
+49.989365000E-03,-133.312463160E-03,+4.906140566922E+00
+49.989370000E-03,-125.499964365E-03,+4.910046815570E+00
+49.989375000E-03,-172.374960110E-03,+4.915906190416E+00
+49.989380000E-03,-111.828093507E-03,+4.910046816332E+00
+49.989385000E-03,-148.937460831E-03,+4.906140566181E+00
+49.989390000E-03,-115.734341398E-03,+4.910046815562E+00
+49.989395000E-03,-146.984336261E-03,+4.925671814623E+00
+49.989400000E-03,-109.874966748E-03,+4.906140567445E+00
+49.989405000E-03,-148.937460595E-03,+4.919812439764E+00
+49.989410000E-03,-111.828091787E-03,+4.906140566987E+00
+49.989415000E-03,-125.499962638E-03,+4.919812439750E+00
+49.989420000E-03,-115.734339567E-03,+4.915906191195E+00
+49.989425000E-03,-127.453087786E-03,+4.906140566684E+00
+49.989430000E-03,-133.312463270E-03,+4.915906190055E+00
+49.989435000E-03,-115.734340240E-03,+4.911999941201E+00
+49.989440000E-03,-131.359337437E-03,+4.910046816038E+00
+49.989445000E-03,-105.968715925E-03,+4.911999940706E+00
+49.989450000E-03,-146.984335242E-03,+4.915906190537E+00
+49.989455000E-03,-127.453090446E-03,+4.906140566715E+00
+49.989460000E-03,-127.453088760E-03,+4.911999940363E+00
+49.989465000E-03,-115.734339784E-03,+4.900281191896E+00
+49.989470000E-03,-143.078086358E-03,+4.911999939842E+00
+49.989475000E-03,-133.312464624E-03,+4.911999940872E+00
+49.989480000E-03,-131.359338934E-03,+4.915906190525E+00
+49.989485000E-03,-133.312463586E-03,+4.910046816396E+00
+49.989490000E-03,-125.499964463E-03,+4.910046815872E+00
+49.989495000E-03,-125.499963760E-03,+4.910046815872E+00
+49.989500000E-03,-121.593714116E-03,+4.915906190339E+00
+49.989505000E-03,-141.124961972E-03,+4.915906190872E+00
+49.989510000E-03,-133.312464480E-03,+4.911999941232E+00
+49.989515000E-03,-146.984337494E-03,+4.906140566415E+00
+49.989520000E-03,-131.359340216E-03,+4.906140565872E+00
+49.989525000E-03,-137.218713212E-03,+4.911999940323E+00
+49.989530000E-03,-137.218713760E-03,+4.910046816056E+00
+49.989535000E-03,-168.468710800E-03,+4.915906190317E+00
+49.989540000E-03,-133.312467109E-03,+4.910046816430E+00
+49.989545000E-03,-127.453089322E-03,+4.915906190311E+00
+49.989550000E-03,-141.124962444E-03,+4.915906190872E+00
+49.989555000E-03,-143.078088571E-03,+4.911999941250E+00
+49.989560000E-03,-137.218714331E-03,+4.915906190492E+00
+49.989565000E-03,-141.124963378E-03,+4.915906190872E+00
+49.989570000E-03,-137.218714145E-03,+4.915906190872E+00
+49.989575000E-03,-125.499964920E-03,+4.904187442032E+00
+49.989580000E-03,-117.687464537E-03,+4.900281191261E+00
+49.989585000E-03,-158.703084660E-03,+4.910046814896E+00
+49.989590000E-03,-125.499967098E-03,+4.915906190283E+00
+49.989595000E-03,-127.453088563E-03,+4.910046816464E+00
+49.989600000E-03,-125.499963959E-03,+4.911999940674E+00
+49.989605000E-03,-152.843710969E-03,+4.904187441670E+00
+49.989610000E-03,-133.312465765E-03,+4.911999940071E+00
+49.989615000E-03,-152.843711746E-03,+4.906140566477E+00
+49.989620000E-03,-125.499966595E-03,+4.911999940265E+00
+49.989625000E-03,-158.703085301E-03,+4.904187441686E+00
+49.989630000E-03,-146.984339988E-03,+4.910046815259E+00
+49.989635000E-03,-133.312465199E-03,+4.919812439844E+00
+49.989640000E-03,-148.937462108E-03,+4.910046816905E+00
+49.989645000E-03,-121.593716667E-03,+4.911999940665E+00
+49.989650000E-03,-162.609334379E-03,+4.919812440038E+00
+49.989655000E-03,-109.874969421E-03,+4.915906191292E+00
+49.989660000E-03,-148.937459546E-03,+4.919812440451E+00
+49.989665000E-03,-115.734342360E-03,+4.921765565660E+00
+49.989670000E-03,-143.078085782E-03,+4.911999941936E+00
+49.989675000E-03,-117.687466540E-03,+4.910046816086E+00
+49.989680000E-03,-143.078085968E-03,+4.915906190228E+00
+49.989685000E-03,-137.218714408E-03,+4.911999941304E+00
+49.989690000E-03,-115.734341146E-03,+4.915906190438E+00
+49.989695000E-03,-133.312461799E-03,+4.910046816526E+00
+49.989700000E-03,-127.453089417E-03,+4.915906190215E+00
+49.989705000E-03,-141.124962221E-03,+4.906140566972E+00
+49.989710000E-03,-141.124963760E-03,+4.919812439325E+00
+49.989715000E-03,-117.687466424E-03,+4.915906191316E+00
+49.989720000E-03,-111.828089429E-03,+4.910046816541E+00
+49.989725000E-03,-137.218710848E-03,+4.911999940648E+00
+49.989730000E-03,-143.078088085E-03,+4.910046816097E+00
+49.989735000E-03,-117.687466700E-03,+4.911999940646E+00
+49.989740000E-03,-141.124961035E-03,+4.919812439964E+00
+49.989745000E-03,-127.453090358E-03,+4.919812440872E+00
+49.989750000E-03,-137.218712614E-03,+4.921765565643E+00
+49.989755000E-03,-117.687466063E-03,+4.919812441102E+00
+49.989760000E-03,-125.499962835E-03,+4.921765565641E+00
+49.989765000E-03,-109.874965619E-03,+4.911999942034E+00
+49.989770000E-03,-133.312460961E-03,+4.919812439939E+00
+49.989775000E-03,-117.687465635E-03,+4.911999941810E+00
+49.989780000E-03,-133.312461877E-03,+4.925671814225E+00
+49.989785000E-03,-109.874966597E-03,+4.904187443473E+00
+49.989790000E-03,-94.249965660E-03,+4.927624938023E+00
+49.989795000E-03,-141.124958037E-03,+4.919812441826E+00
+49.989800000E-03,-115.734341874E-03,+4.919812440872E+00
+49.989805000E-03,-143.078085393E-03,+4.925671815151E+00
+49.989810000E-03,-115.734342142E-03,+4.919812441597E+00
+49.989815000E-03,-141.124960607E-03,+4.919812440872E+00
+49.989820000E-03,-125.499965709E-03,+4.911999941847E+00
+49.989825000E-03,-148.937460825E-03,+4.925671814160E+00
+49.989830000E-03,-111.828093428E-03,+4.915906192100E+00
+49.989835000E-03,-143.078084814E-03,+4.910046816612E+00
+49.989840000E-03,-111.828092724E-03,+4.919812439634E+00
+49.989845000E-03,-125.499962019E-03,+4.919812440872E+00
+49.989850000E-03,-141.124961762E-03,+4.919812440872E+00
+49.989855000E-03,-117.687466770E-03,+4.915906191374E+00
+49.989860000E-03,-131.359336998E-03,+4.919812440369E+00
+49.989865000E-03,-125.499964519E-03,+4.919812440872E+00
+49.989870000E-03,-117.687464776E-03,+4.911999941888E+00
+49.989875000E-03,-111.828089525E-03,+4.919812439853E+00
+49.989880000E-03,-117.687462993E-03,+4.911999941896E+00
+49.989885000E-03,-121.593713246E-03,+4.927624938817E+00
+49.989890000E-03,-131.359337470E-03,+4.915906192420E+00
+49.989895000E-03,-127.453089278E-03,+4.921765565095E+00
+49.989900000E-03,-115.734340321E-03,+4.921765565872E+00
+49.989905000E-03,-133.312461411E-03,+4.921765565872E+00
+49.989910000E-03,-125.499964809E-03,+4.911999942183E+00
+49.989915000E-03,-148.937460603E-03,+4.921765564557E+00
+49.989920000E-03,-109.874969043E-03,+4.915906191665E+00
+49.989925000E-03,-121.593712169E-03,+4.931531188751E+00
+49.989930000E-03,-117.687464293E-03,+4.911999943534E+00
+49.989935000E-03,-117.687463760E-03,+4.931531188200E+00
+49.989940000E-03,-133.312461614E-03,+4.927624941409E+00
+49.989945000E-03,-100.109343338E-03,+4.925671816141E+00
+49.989950000E-03,-127.453084976E-03,+4.915906192224E+00
+49.989955000E-03,-121.593714574E-03,+4.919812440329E+00
+49.989960000E-03,-127.453087943E-03,+4.921765565600E+00
+49.989965000E-03,-105.968716768E-03,+4.915906191692E+00
+49.989970000E-03,-121.593711565E-03,+4.915906190872E+00
+49.989975000E-03,-109.874965413E-03,+4.915906190872E+00
+49.989980000E-03,-148.937458231E-03,+4.919812440319E+00
+49.989985000E-03,-111.828094033E-03,+4.915906191427E+00
+49.989990000E-03,-127.453086532E-03,+4.915906190872E+00
+49.989995000E-03,-121.593714599E-03,+4.910046816711E+00
+49.990000000E-03,-117.687464322E-03,+4.915906190030E+00
+49.990005000E-03,-141.124960381E-03,+4.919812440309E+00
+49.990010000E-03,-121.593716587E-03,+4.915906191438E+00
+49.990015000E-03,-117.687464328E-03,+4.925671814454E+00
+49.990020000E-03,-121.593713191E-03,+4.915906192296E+00
+49.990025000E-03,-148.937459760E-03,+4.919812440301E+00
+49.990030000E-03,-146.984339047E-03,+4.911999942019E+00
+49.990035000E-03,-143.078089336E-03,+4.921765564433E+00
+49.990040000E-03,-127.453091071E-03,+4.904187443472E+00
+49.990045000E-03,-127.453088760E-03,+4.919812438553E+00
+49.990050000E-03,-125.499964051E-03,+4.900281193781E+00
+49.990055000E-03,-109.874966096E-03,+4.915906188537E+00
+49.990060000E-03,-143.078083780E-03,+4.915906190872E+00
+49.990065000E-03,-125.499966406E-03,+4.911999941460E+00
+49.990070000E-03,-148.937460220E-03,+4.904187442052E+00
+49.990075000E-03,-121.593717905E-03,+4.911999939688E+00
+49.990080000E-03,-125.499963166E-03,+4.910046816169E+00
+49.990085000E-03,-131.359337866E-03,+4.906140566468E+00
+49.990090000E-03,-111.828091751E-03,+4.911999939975E+00
+49.990095000E-03,-143.078083958E-03,+4.904187442073E+00
+49.990100000E-03,-133.312465266E-03,+4.921765563162E+00
+49.990105000E-03,-148.937461343E-03,+4.906140568290E+00
+49.990110000E-03,-109.874969825E-03,+4.911999939963E+00
+49.990115000E-03,-162.609330546E-03,+4.911999940872E+00
+49.990120000E-03,-105.968722613E-03,+4.910046816177E+00
+49.990125000E-03,-146.984332328E-03,+4.915906189953E+00
+49.990130000E-03,-125.499967141E-03,+4.910046816794E+00
+49.990135000E-03,-143.078085985E-03,+4.925671813405E+00
+49.990140000E-03,-152.843712213E-03,+4.906140568966E+00
+49.990145000E-03,-133.312466865E-03,+4.915906189320E+00
+49.990150000E-03,-125.499965006E-03,+4.915906190872E+00
+49.990155000E-03,-148.937460011E-03,+4.915906190872E+00
+49.990160000E-03,-121.593718149E-03,+4.915906190872E+00
+49.990165000E-03,-121.593713760E-03,+4.911999941501E+00
+49.990170000E-03,-127.453087814E-03,+4.910046816188E+00
+49.990175000E-03,-105.968717243E-03,+4.911999940556E+00
+49.990180000E-03,-158.703080185E-03,+4.919812439602E+00
+49.990185000E-03,-96.203098957E-03,+4.910046817465E+00
+49.990190000E-03,-156.749953851E-03,+4.910046815872E+00
+49.990195000E-03,-117.687470174E-03,+4.906140566514E+00
+49.990200000E-03,-168.468705396E-03,+4.921765563298E+00
+49.990205000E-03,-125.499970861E-03,+4.910046817809E+00
+49.990210000E-03,-143.078085846E-03,+4.915906189901E+00
+49.990215000E-03,-117.687467983E-03,+4.921765564898E+00
+49.990220000E-03,-133.312461154E-03,+4.911999942501E+00
+49.990225000E-03,-127.453089741E-03,+4.910046816199E+00
+49.990230000E-03,-137.218712121E-03,+4.911999940544E+00
+49.990235000E-03,-141.124963103E-03,+4.904187442188E+00
+49.990240000E-03,-137.218714420E-03,+4.910046814882E+00
+49.990245000E-03,-127.453090415E-03,+4.910046815872E+00
+49.990250000E-03,-131.359338096E-03,+4.915906189876E+00
+49.990255000E-03,-148.937460763E-03,+4.904187442870E+00
+49.990260000E-03,-133.312466433E-03,+4.911999939536E+00
+49.990265000E-03,-125.499965101E-03,+4.915906190202E+00
+49.990270000E-03,-133.312462416E-03,+4.919812440200E+00
+49.990275000E-03,-125.499965109E-03,+4.904187443569E+00
+49.990280000E-03,-131.359337746E-03,+4.906140565534E+00
+49.990285000E-03,-117.687466135E-03,+4.910046815194E+00
+49.990290000E-03,-125.499962399E-03,+4.904187441893E+00
+49.990295000E-03,-146.984335007E-03,+4.906140565531E+00
+49.990300000E-03,-111.828094922E-03,+4.915906189161E+00
+49.990305000E-03,-156.749955864E-03,+4.910046816902E+00
+49.990310000E-03,-127.453093925E-03,+4.910046815872E+00
+49.990315000E-03,-143.078085997E-03,+4.911999940527E+00
+49.990320000E-03,-137.218714800E-03,+4.911999940872E+00
+49.990325000E-03,-143.078087718E-03,+4.910046816220E+00
+49.990330000E-03,-146.984338063E-03,+4.910046815872E+00
+49.990335000E-03,-143.078089459E-03,+4.911999940523E+00
+49.990340000E-03,-131.359340863E-03,+4.921765564120E+00
+49.990345000E-03,-137.218712706E-03,+4.904187444036E+00
+49.990350000E-03,-156.749960235E-03,+4.910046814814E+00
+49.990355000E-03,-115.734346186E-03,+4.904187441933E+00
+49.990360000E-03,-143.078083796E-03,+4.921765562681E+00
+49.990365000E-03,-115.734343739E-03,+4.904187444073E+00
+49.990370000E-03,-141.124959124E-03,+4.921765562662E+00
+49.990375000E-03,-102.062470914E-03,+4.906140568734E+00
+49.990380000E-03,-158.703078357E-03,+4.919812438361E+00
+49.990385000E-03,-115.734346675E-03,+4.910046817671E+00
+49.990390000E-03,-125.499961956E-03,+4.915906189790E+00
+49.990395000E-03,-94.249969549E-03,+4.925671814063E+00
+49.990400000E-03,-39.562473920E-03,+4.937390563695E+00
+49.990405000E-03,+13.171901415E-03,+4.947156189053E+00
+49.990410000E-03,+60.046902482E-03,+4.966687437223E+00
+49.990415000E-03,+128.406273432E-03,+4.978406188677E+00
+49.990420000E-03,+206.531271561E-03,+4.974499941606E+00
+49.990425000E-03,+249.500028144E-03,+4.978406190136E+00
+49.990430000E-03,+335.437520003E-03,+4.951062446038E+00
+49.990435000E-03,+374.500028839E-03,+4.968640562542E+00
+49.990440000E-03,+519.031258780E-03,+4.956921818099E+00
+49.990445000E-03,+585.437523588E-03,+4.972546812895E+00
+49.990450000E-03,+665.515645941E-03,+4.958874943484E+00
+49.990455000E-03,+763.171892532E-03,+4.988171810260E+00
+49.990460000E-03,+853.015643981E-03,+4.982312441998E+00
+49.990465000E-03,+962.390640172E-03,+4.968640568506E+00
+49.990470000E-03,+1.056140643132E+00,+4.962781192004E+00
+49.990475000E-03,+1.171375013922E+00,+4.956921817007E+00
+49.990480000E-03,+1.233875024102E+00,+4.947156192769E+00
+49.990485000E-03,+1.327625017984E+00,+4.931531193915E+00
+49.990490000E-03,+1.378406276325E+00,+4.943249938584E+00
+49.990495000E-03,+1.487781264826E+00,+4.911999946990E+00
+49.990500000E-03,+1.534656277038E+00,+4.904187442406E+00
+49.990505000E-03,+1.597156273938E+00,+4.853406200868E+00
+49.990510000E-03,+1.663562523134E+00,+4.853406190872E+00
+49.990515000E-03,+1.702625028510E+00,+4.806531200148E+00
+49.990520000E-03,+1.753406276164E+00,+4.765515574010E+00
+49.990525000E-03,+1.804187526137E+00,+4.724499949032E+00
+49.990530000E-03,+1.856921900721E+00,+4.685437448664E+00
+49.990535000E-03,+1.905750026475E+00,+4.613171830325E+00
+49.990540000E-03,+1.940906279190E+00,+4.531140582321E+00
+49.990545000E-03,+1.966296906135E+00,+4.499890572155E+00
+49.990550000E-03,+1.999500029547E+00,+4.415906207801E+00
+49.990555000E-03,+2.015125033082E+00,+4.349499954293E+00
+49.990560000E-03,+2.034656282282E+00,+4.253796835264E+00
+49.990565000E-03,+2.056140656875E+00,+4.169812457933E+00
+49.990570000E-03,+2.056140661240E+00,+4.107312453602E+00
+49.990575000E-03,+2.085437530257E+00,+4.005749961611E+00
+49.990580000E-03,+2.103015657641E+00,+3.937390579867E+00
+49.990585000E-03,+2.128406281028E+00,+3.833874962119E+00
+49.990590000E-03,+2.132312535436E+00,+3.763562455341E+00
+49.990595000E-03,+2.163562529793E+00,+3.638562466660E+00
+49.990600000E-03,+2.175281283816E+00,+3.562390581627E+00
+49.990605000E-03,+2.187000033810E+00,+3.437390591792E+00
+49.990610000E-03,+2.200671908397E+00,+3.372937454271E+00
+49.990615000E-03,+2.218250032576E+00,+3.269421837446E+00
+49.990620000E-03,+2.253406278894E+00,+3.216687451890E+00
+49.990625000E-03,+2.253406286240E+00,+3.119031211328E+00
+49.990630000E-03,+2.315906273115E+00,+3.019421836789E+00
+49.990635000E-03,+2.327625033773E+00,+2.958874953618E+00
+49.990640000E-03,+2.403796895164E+00,+2.900281203238E+00
+49.990645000E-03,+2.403796911240E+00,+2.826062456575E+00
+49.990650000E-03,+2.462390648812E+00,+2.738171834513E+00
+49.990655000E-03,+2.499500028349E+00,+2.665906206237E+00
+49.990660000E-03,+2.546375026248E+00,+2.560437463353E+00
+49.990665000E-03,+2.581531278728E+00,+2.474499959235E+00
+49.990670000E-03,+2.606921905801E+00,+2.372937462627E+00
+49.990675000E-03,+2.665515648658E+00,+2.275281211842E+00
+49.990680000E-03,+2.700671903672E+00,+2.185437460211E+00
+49.990685000E-03,+2.759265648596E+00,+2.087781211944E+00
+49.990690000E-03,+2.788562529903E+00,+2.021374955236E+00
+49.990695000E-03,+2.851062522688E+00,+1.921765587471E+00
+49.990700000E-03,+2.888171903174E+00,+1.794812468467E+00
+49.990705000E-03,+2.931140651877E+00,+1.706921835022E+00
+49.990710000E-03,+2.968250028135E+00,+1.619031210069E+00
+49.990715000E-03,+3.007312527687E+00,+1.497937467384E+00
+49.990720000E-03,+3.060046899666E+00,+1.410046835161E+00
+49.990725000E-03,+3.081531281513E+00,+1.312390587356E+00
+49.990730000E-03,+3.153796895304E+00,+1.222546835684E+00
+49.990735000E-03,+3.159656284944E+00,+1.109265590912E+00
+49.990740000E-03,+3.187000030181E+00,+1.035046832317E+00
+49.990745000E-03,+3.194812534505E+00,+947.156210392E-03
+49.990750000E-03,+3.218250031022E+00,+872.937457395E-03
+49.990755000E-03,+3.210437537983E+00,+796.765582870E-03
+49.990760000E-03,+3.218250034492E+00,+712.781209657E-03
+49.990765000E-03,+3.202625039743E+00,+624.890585577E-03
+49.990770000E-03,+3.222156281850E+00,+546.765583429E-03
+49.990775000E-03,+3.216296912559E+00,+478.406206270E-03
+49.990780000E-03,+3.212390662122E+00,+411.999955865E-03
+49.990785000E-03,+3.216296910356E+00,+369.031200596E-03
+49.990790000E-03,+3.226062534024E+00,+294.812457707E-03
+49.990795000E-03,+3.206531290680E+00,+269.421821645E-03
+49.990800000E-03,+3.194812538910E+00,+197.156207341E-03
+49.990805000E-03,+3.194812536240E+00,+177.624945333E-03
+49.990810000E-03,+3.212390657215E+00,+146.374948027E-03
+49.990815000E-03,+3.181140668410E+00,+130.749944458E-03
+49.990820000E-03,+3.194812533095E+00,+119.031193567E-03
+49.990825000E-03,+3.185046913491E+00,+103.406194474E-03
+49.990830000E-03,+3.185046911240E+00,+91.687443580E-03
+49.990835000E-03,+3.179187537596E+00,+78.015569038E-03
+49.990840000E-03,+3.181140660786E+00,+56.531195859E-03
+49.990845000E-03,+3.169421913966E+00,+46.765568144E-03
+49.990850000E-03,+3.171375035784E+00,+40.906192238E-03
+49.990855000E-03,+3.185046908045E+00,+31.140568154E-03
+49.990860000E-03,+3.171375039442E+00,+25.281192244E-03
+49.990865000E-03,+3.179187534406E+00,+36.999938121E-03
+49.990870000E-03,+3.181140660780E+00,+21.374944548E-03
+49.990875000E-03,+3.159656291305E+00,+29.187439030E-03
+49.990880000E-03,+3.175281282547E+00,+19.421818180E-03
+49.990885000E-03,+3.171375037165E+00,+15.515566797E-03
+49.990890000E-03,+3.169421911703E+00,+25.281188554E-03
+49.990895000E-03,+3.165515662169E+00,+21.374941801E-03
+49.990900000E-03,+3.155750038568E+00,+21.374940872E-03
+49.990905000E-03,+3.169421907973E+00,+31.140563539E-03
+49.990910000E-03,+3.169421911240E+00,+9.656196017E-03
+49.990915000E-03,+3.163562537646E+00,+29.187436185E-03
+49.990920000E-03,+3.171375034361E+00,+9.656195570E-03
+49.990925000E-03,+3.165515662652E+00,+15.515564460E-03
+49.990930000E-03,+3.179187532937E+00,+5.749943231E-03
+49.990935000E-03,+3.169421913604E+00,+15.515563508E-03
+49.990940000E-03,+3.175281284818E+00,+5.749943242E-03
+49.990945000E-03,+3.185046908865E+00,+21.374937073E-03
+49.990950000E-03,+3.202625031956E+00,-2.062553417E-03
+49.990955000E-03,+3.210437534332E+00,+13.562437057E-03
+49.990960000E-03,+3.241687528592E+00,-109.430782E-06
+49.990965000E-03,+3.233875038156E+00,+3.796814914E-03
+49.990970000E-03,+3.269031277599E+00,+13.562438472E-03
+49.990975000E-03,+3.288562531429E+00,+19.421814429E-03
+49.990980000E-03,+3.312000030454E+00,+3.796819729E-03
+49.990985000E-03,+3.325671907858E+00,+13.562438457E-03
+49.990990000E-03,+3.341296907366E+00,-5.968804286E-03
+49.990995000E-03,+3.372546903477E+00,+13.562436020E-03
+49.991000000E-03,+3.394031280891E+00,-109.430724E-06
+49.991005000E-03,+3.409656282342E+00,+5.749939410E-03
+49.991010000E-03,+3.419421908798E+00,+19.421812454E-03
+49.991015000E-03,+3.450671903411E+00,-15.734425320E-03
+49.991020000E-03,+3.466296907317E+00,+13.562433517E-03
+49.991025000E-03,+3.468250035748E+00,+13.562440872E-03
+49.991030000E-03,+3.478015658778E+00,+5.749942842E-03
+49.991035000E-03,+3.472156287720E+00,+15.515563405E-03
+49.991040000E-03,+3.509265651845E+00,+3.796818839E-03
+49.991045000E-03,+3.491687540699E+00,-109.433137E-06
+49.991050000E-03,+3.522937528296E+00,+13.562437397E-03
+49.991055000E-03,+3.522937536240E+00,+5.749942862E-03
+49.991060000E-03,+3.534656283248E+00,-109.432632E-06
+49.991065000E-03,+3.544421908742E+00,+15.515561876E-03
+49.991070000E-03,+3.530750039744E+00,-109.430123E-06
+49.991075000E-03,+3.554187530220E+00,+15.515561859E-03
+49.991080000E-03,+3.550281287245E+00,+3.796818888E-03
+49.991085000E-03,+3.593250025159E+00,-15.734429091E-03
+49.991090000E-03,+3.554187546334E+00,+5.749935320E-03
+49.991095000E-03,+3.587390652642E+00,+15.515563343E-03
+49.991100000E-03,+3.569812540801E+00,+3.796818913E-03
+49.991105000E-03,+3.612781275068E+00,-109.433112E-06
+49.991110000E-03,+3.585437543363E+00,+5.749939346E-03
+49.991115000E-03,+3.608875030121E+00,+13.562438833E-03
+49.991120000E-03,+3.618640658685E+00,+25.281187807E-03
+49.991125000E-03,+3.638171906121E+00,+15.515568432E-03
+49.991130000E-03,+3.606921919447E+00,+40.906184204E-03
+49.991135000E-03,+3.624500031614E+00,+19.421821526E-03
+49.991140000E-03,+3.606921915875E+00,+21.374940357E-03
+49.991145000E-03,+3.649890649887E+00,+29.187438808E-03
+49.991150000E-03,+3.618640669512E+00,+13.562445009E-03
+49.991155000E-03,+3.622546910203E+00,+35.046810173E-03
+49.991160000E-03,+3.647937529491E+00,+15.515571063E-03
+49.991165000E-03,+3.644031287280E+00,+31.140561711E-03
+49.991170000E-03,+3.591296925311E+00,+31.140565872E-03
+49.991175000E-03,+3.640125023185E+00,+35.046814828E-03
+49.991180000E-03,+3.624500040425E+00,+19.421820058E-03
+49.991185000E-03,+3.640125032046E+00,+35.046811678E-03
+49.991190000E-03,+3.601062546745E+00,+9.656197701E-03
+49.991195000E-03,+3.647937523608E+00,+35.046809030E-03
+49.991200000E-03,+3.603015673368E+00,+29.187442454E-03
+49.991205000E-03,+3.649890648559E+00,+35.046814287E-03
+49.991210000E-03,+3.618640669710E+00,+40.906189284E-03
+49.991215000E-03,+3.638171905935E+00,+35.046817463E-03
+49.991220000E-03,+3.587390675057E+00,+44.812438215E-03
+49.991225000E-03,+3.624500026123E+00,+40.906191937E-03
+49.991230000E-03,+3.606921916041E+00,+50.671813205E-03
+49.991235000E-03,+3.593250039981E+00,+29.187446752E-03
+49.991240000E-03,+3.606921907491E+00,+40.906187659E-03
+49.991245000E-03,+3.608875035703E+00,+21.374946238E-03
+49.991250000E-03,+3.587390667153E+00,+44.812434421E-03
+49.991255000E-03,+3.601062532469E+00,+29.187445181E-03
+49.991260000E-03,+3.597156287319E+00,+35.046814253E-03
+49.991265000E-03,+3.597156286240E+00,+36.999940331E-03
+49.991270000E-03,+3.601062535156E+00,+44.812438705E-03
+49.991275000E-03,+3.577625042753E+00,+25.281196300E-03
+49.991280000E-03,+3.591296907433E+00,+46.765559891E-03
+49.991285000E-03,+3.585437537874E+00,+13.562450134E-03
+49.991290000E-03,+3.577625038423E+00,+35.046809868E-03
+49.991295000E-03,+3.601062529677E+00,+25.281193607E-03
+49.991300000E-03,+3.571765669458E+00,+25.281190872E-03
+49.991305000E-03,+3.587390656848E+00,+19.421817519E-03
+49.991310000E-03,+3.581531287889E+00,+15.515566972E-03
+49.991315000E-03,+3.587390659587E+00,+31.140561464E-03
+49.991320000E-03,+3.591296910136E+00,+29.187441424E-03
+49.991325000E-03,+3.593250035687E+00,+13.562445296E-03
+49.991330000E-03,+3.587390662902E+00,+29.187436440E-03
+49.991335000E-03,+3.593250034574E+00,+19.421818648E-03
+49.991340000E-03,+3.587390662908E+00,+13.562442541E-03
+49.991345000E-03,+3.587390661240E+00,+25.281187529E-03
+49.991350000E-03,+3.606921905658E+00,+21.374941989E-03
+49.991355000E-03,+3.577625044628E+00,+29.187438635E-03
+49.991360000E-03,+3.622546898354E+00,+21.374943113E-03
+49.991365000E-03,+3.591296920220E+00,+15.515567556E-03
+49.991370000E-03,+3.616687528930E+00,+29.187436936E-03
+49.991375000E-03,+3.606921914056E+00,+13.562445379E-03
+49.991380000E-03,+3.606921911240E+00,+21.374938615E-03
+49.991385000E-03,+3.612781284544E+00,+29.187438611E-03
+49.991390000E-03,+3.618640659540E+00,+9.656196536E-03
+49.991395000E-03,+3.644031278863E+00,+13.562439737E-03
+49.991400000E-03,+3.612781295335E+00,+29.187436325E-03
+49.991405000E-03,+3.624500032823E+00,+15.515569859E-03
+49.991410000E-03,+3.634265658387E+00,+31.140561308E-03
+49.991415000E-03,+3.647937532239E+00,+5.749948302E-03
+49.991420000E-03,+3.616687545401E+00,+19.421811864E-03
+49.991425000E-03,+3.655750024768E+00,+21.374940299E-03
+49.991430000E-03,+3.640125040837E+00,+25.281189723E-03
+49.991435000E-03,+3.644031285088E+00,+31.140564145E-03
+49.991440000E-03,+3.634265664123E+00,+29.187441449E-03
+49.991445000E-03,+3.634265661240E+00,+21.374943183E-03
+49.991450000E-03,+3.644031283346E+00,+29.187438557E-03
+49.991455000E-03,+3.640125037399E+00,+25.281192032E-03
+49.991460000E-03,+3.647937533916E+00,+19.421817615E-03
+49.991465000E-03,+3.644031287403E+00,+21.374940290E-03
+49.991470000E-03,+3.649890659491E+00,+25.281189706E-03
+49.991475000E-03,+3.649890661240E+00,+29.187439704E-03
+49.991480000E-03,+3.640125039164E+00,+29.187440872E-03
+49.991485000E-03,+3.638171911826E+00,+25.281192044E-03
+49.991490000E-03,+3.638171911240E+00,+40.906186177E-03
+49.991495000E-03,+3.644031284476E+00,+21.374946752E-03
+49.991500000E-03,+3.608875046842E+00,+25.281189694E-03
+49.991505000E-03,+3.663562519718E+00,+25.281190872E-03
+49.991510000E-03,+3.634265670106E+00,+31.140564099E-03
+49.991515000E-03,+3.628406288016E+00,+29.187441464E-03
+49.991520000E-03,+3.647937530308E+00,+25.281192058E-03
+49.991525000E-03,+3.624500043369E+00,+13.562444437E-03
+49.991530000E-03,+3.647937529097E+00,+40.906182540E-03
+49.991535000E-03,+3.632312541009E+00,+21.374946834E-03
+49.991540000E-03,+3.640125033851E+00,+25.281189678E-03
+49.991545000E-03,+3.659656280257E+00,+29.187439676E-03
+49.991550000E-03,+3.659656286240E+00,+36.999938475E-03
+49.991555000E-03,+3.632312544644E+00,+31.140567673E-03
+49.991560000E-03,+3.665515651017E+00,+21.374943879E-03
+49.991565000E-03,+3.647937541661E+00,+19.421816475E-03
+49.991570000E-03,+3.671375028999E+00,+15.515567079E-03
+49.991575000E-03,+3.679187533822E+00,+31.140561037E-03
+49.991580000E-03,+3.681140660634E+00,+25.281192689E-03
+49.991585000E-03,+3.690906283207E+00,+25.281190872E-03
+49.991590000E-03,+3.700671908202E+00,+15.515568910E-03
+49.991595000E-03,+3.726062528329E+00,+25.281187829E-03
+49.991600000E-03,+3.737781282582E+00,+15.515568920E-03
+49.991605000E-03,+3.749500032576E+00,+13.562441483E-03
+49.991610000E-03,+3.778796902065E+00,+36.999933533E-03
+49.991615000E-03,+3.784656284402E+00,+15.515572611E-03
+49.991620000E-03,+3.790515659399E+00,+25.281187804E-03
+49.991625000E-03,+3.812000029478E+00,+13.562444560E-03
+49.991630000E-03,+3.812000036240E+00,+19.421814025E-03
+49.991635000E-03,+3.835437528838E+00,+15.515567106E-03
+49.991640000E-03,+3.853015655679E+00,+3.796819579E-03
+49.991645000E-03,+3.862781283145E+00,+13.562437778E-03
+49.991650000E-03,+3.884265654421E+00,+9.656192112E-03
+49.991655000E-03,+3.884265661240E+00,+5.749942114E-03
+49.991660000E-03,+3.919421900045E+00,-109.432262E-06
+49.991665000E-03,+3.919421911240E+00,+19.421809643E-03
+49.991670000E-03,+3.935046906248E+00,+9.656193992E-03
+49.991675000E-03,+3.937000035615E+00,+31.140558997E-03
+49.991680000E-03,+3.968250026223E+00,+13.562446506E-03
+49.991685000E-03,+3.960437538748E+00,+19.421813991E-03
+49.991690000E-03,+3.991687526190E+00,+5.749945269E-03
+49.991695000E-03,+3.981921914385E+00,+9.656189614E-03
+49.991700000E-03,+3.999500030568E+00,+15.515563982E-03
+49.991705000E-03,+4.013171906821E+00,+21.374938979E-03
+49.991710000E-03,+4.024890657446E+00,+3.796821562E-03
+49.991715000E-03,+4.028796909973E+00,+19.421810806E-03
+49.991720000E-03,+4.044421906166E+00,+5.749945312E-03
+49.991725000E-03,+4.069812527981E+00,-5.968805316E-03
+49.991730000E-03,+4.060046914421E+00,+25.281180691E-03
+49.991735000E-03,+4.091296901042E+00,+13.562444696E-03
+49.991740000E-03,+4.077625040708E+00,+15.515565234E-03
+49.991745000E-03,+4.108875026009E+00,+15.515565872E-03
+49.991750000E-03,+4.103015663161E+00,+3.796819715E-03
+49.991755000E-03,+4.112781283032E+00,+5.749940231E-03
+49.991760000E-03,+4.140125027245E+00,+19.421811375E-03
+49.991765000E-03,+4.138171911883E+00,+9.656194090E-03
+49.991770000E-03,+4.144031284306E+00,+29.187434427E-03
+49.991775000E-03,+4.163562529784E+00,-2.062548799E-03
+49.991780000E-03,+4.163562536240E+00,+15.515560053E-03
+49.991785000E-03,+4.181140655411E+00,+15.515565872E-03
+49.991790000E-03,+4.187000034294E+00,-109.428939E-06
+49.991795000E-03,+4.196765657991E+00,+29.187431127E-03
+49.991800000E-03,+4.194812536890E+00,+5.749948681E-03
+49.991805000E-03,+4.202625033633E+00,+3.796816524E-03
+49.991810000E-03,+4.206531284934E+00,+9.656188914E-03
+49.991815000E-03,+4.243640648818E+00,+3.796817834E-03
+49.991820000E-03,+4.222156293443E+00,+9.656188908E-03
+49.991825000E-03,+4.259265648779E+00,+21.374936937E-03
+49.991830000E-03,+4.243640666495E+00,+9.656194813E-03
+49.991835000E-03,+4.253406282950E+00,+21.374936925E-03
+49.991840000E-03,+4.263171907945E+00,-109.426880E-06
+49.991845000E-03,+4.269031284260E+00,+19.421809273E-03
+49.991850000E-03,+4.274890659257E+00,+29.187437567E-03
+49.991855000E-03,+4.278796909916E+00,-2.062548536E-03
+49.991860000E-03,+4.310046900631E+00,+9.656186894E-03
+49.991865000E-03,+4.304187538232E+00,+25.281185560E-03
+49.991870000E-03,+4.296375038900E+00,-109.425482E-06
+49.991875000E-03,+4.312000030911E+00,+19.421809211E-03
+49.991880000E-03,+4.347156274231E+00,+9.656194208E-03
+49.991885000E-03,+4.331531291585E+00,+15.515563868E-03
+49.991890000E-03,+4.351062529548E+00,+15.515565872E-03
+49.991895000E-03,+4.347156287580E+00,+13.562441542E-03
+49.991900000E-03,+4.366687529527E+00,+13.562440872E-03
+49.991905000E-03,+4.374500033550E+00,+15.515565200E-03
+49.991910000E-03,+4.388171906526E+00,+13.562441546E-03
+49.991915000E-03,+4.399890657194E+00,+21.374938175E-03
+49.991920000E-03,+4.409656282863E+00,-109.426699E-06
+49.991925000E-03,+4.409656286240E+00,+9.656187490E-03
+49.991930000E-03,+4.415515659207E+00,+29.187434098E-03
+49.991935000E-03,+4.415515661240E+00,-109.423951E-06
+49.991940000E-03,+4.409656288278E+00,+5.749938834E-03
+49.991945000E-03,+4.440906275351E+00,+19.421811109E-03
+49.991950000E-03,+4.431140664647E+00,+13.562442917E-03
+49.991955000E-03,+4.444812531462E+00,+15.515565190E-03
+49.991960000E-03,+4.437000038974E+00,+3.796819974E-03
+49.991965000E-03,+4.444812533501E+00,+9.656188818E-03
+49.991970000E-03,+4.452625033497E+00,+29.187434016E-03
+49.991975000E-03,+4.452625036240E+00,+15.515570679E-03
+49.991980000E-03,+4.460437533489E+00,+15.515565872E-03
+49.991985000E-03,+4.468250033485E+00,+15.515565872E-03
+49.991990000E-03,+4.466296911929E+00,+5.749944321E-03
+49.991995000E-03,+4.462390662621E+00,+21.374935346E-03
+49.992000000E-03,+4.478015655705E+00,+3.796822099E-03
+49.992005000E-03,+4.478015661240E+00,-5.968805664E-03
+49.992010000E-03,+4.493640655689E+00,+29.187428382E-03
+49.992015000E-03,+4.493640661240E+00,+3.796824906E-03
+49.992020000E-03,+4.491687536936E+00,+9.656188784E-03
+49.992025000E-03,+4.515125027876E+00,+25.281185297E-03
+49.992030000E-03,+4.507312539032E+00,+15.515569362E-03
+49.992035000E-03,+4.519031282046E+00,+25.281187377E-03
+49.992040000E-03,+4.509265664740E+00,+13.562445072E-03
+49.992045000E-03,+4.515125034136E+00,+13.562440872E-03
+49.992050000E-03,+4.515125036240E+00,+19.421813766E-03
+49.992055000E-03,+4.530750030615E+00,+9.656194388E-03
+49.992060000E-03,+4.524890663352E+00,+5.749942281E-03
+49.992065000E-03,+4.534656282714E+00,+19.421810936E-03
+49.992070000E-03,+4.554187529178E+00,-109.427066E-06
+49.992075000E-03,+4.550281287654E+00,+25.281181678E-03
+49.992080000E-03,+4.569812529157E+00,+15.515569414E-03
+49.992085000E-03,+4.560046914786E+00,+19.421814454E-03
+49.992090000E-03,+4.565906284109E+00,+29.187437321E-03
+49.992095000E-03,+4.560046913374E+00,+21.374943718E-03
+49.992100000E-03,+4.554187538377E+00,+19.421816585E-03
+49.992105000E-03,+4.565906281959E+00,+25.281188732E-03
+49.992110000E-03,+4.575671907667E+00,+5.749948017E-03
+49.992115000E-03,+4.577625035524E+00,+21.374935148E-03
+49.992120000E-03,+4.581531284807E+00,+19.421816589E-03
+49.992125000E-03,+4.591296907652E+00,+15.515567307E-03
+49.992130000E-03,+4.577625041269E+00,+29.187435842E-03
+49.992135000E-03,+4.612781273287E+00,+3.796825227E-03
+49.992140000E-03,+4.565906303534E+00,+15.515561549E-03
+49.992145000E-03,+4.591296901858E+00,+13.562441594E-03
+49.992150000E-03,+4.585437538408E+00,+9.656192318E-03
+49.992155000E-03,+4.612781276108E+00,+25.281185083E-03
+49.992160000E-03,+4.601062540588E+00,+31.140563698E-03
+49.992165000E-03,+4.603015660514E+00,+13.562447404E-03
+49.992170000E-03,+4.601062536966E+00,+21.374937965E-03
+49.992175000E-03,+4.616687530417E+00,+5.749946695E-03
+49.992180000E-03,+4.628406281867E+00,+21.374935042E-03
+49.992185000E-03,+4.601062546458E+00,+29.187437953E-03
+49.992190000E-03,+4.634265648815E+00,+13.562446719E-03
+49.992195000E-03,+4.593250051610E+00,+31.140559285E-03
+49.992200000E-03,+4.659656261320E+00,-2.062546668E-03
+49.992205000E-03,+4.628406297983E+00,+13.562435000E-03
+49.992210000E-03,+4.628406286240E+00,+13.562440872E-03
+49.992215000E-03,+4.640125031823E+00,+31.140559248E-03
+49.992220000E-03,+4.647937533291E+00,+21.374944557E-03
+49.992225000E-03,+4.644031287716E+00,+21.374940872E-03
+49.992230000E-03,+4.653796907544E+00,-2.062550259E-03
+49.992235000E-03,+4.663562532539E+00,+15.515559211E-03
+49.992240000E-03,+4.649890666428E+00,+19.421814390E-03
+49.992245000E-03,+4.665515655302E+00,+9.656194583E-03
+49.992250000E-03,+4.632312548874E+00,+31.140557697E-03
+49.992255000E-03,+4.671375021355E+00,+5.749950547E-03
+49.992260000E-03,+4.669421911985E+00,+15.515562146E-03
+49.992265000E-03,+4.653796917210E+00,+19.421814380E-03
+49.992270000E-03,+4.671375029514E+00,+21.374940125E-03
+49.992275000E-03,+4.649890669472E+00,+15.515568117E-03
+49.992280000E-03,+4.665515655245E+00,+3.796820369E-03
+49.992285000E-03,+4.671375033988E+00,+5.749940122E-03
+49.992290000E-03,+4.665515663494E+00,+3.796816624E-03
+49.992295000E-03,+4.669421909735E+00,+9.656188615E-03
+49.992300000E-03,+4.690906277951E+00,+5.749942379E-03
+49.992305000E-03,+4.671375043785E+00,+13.562437854E-03
+49.992310000E-03,+4.685046905951E+00,-5.968801572E-03
+49.992315000E-03,+4.671375041536E+00,+21.374930280E-03
+49.992320000E-03,+4.681140657452E+00,+21.374940872E-03
+49.992325000E-03,+4.700671903653E+00,+3.796822700E-03
+49.992330000E-03,+4.685046917317E+00,+19.421809795E-03
+49.992335000E-03,+4.710437526351E+00,+9.656194676E-03
+49.992340000E-03,+4.690906293857E+00,+15.515563587E-03
+49.992345000E-03,+4.706531280138E+00,+15.515565872E-03
+49.992350000E-03,+4.702625037767E+00,+13.562441636E-03
+49.992355000E-03,+4.716296905886E+00,+13.562440872E-03
+49.992360000E-03,+4.710437538537E+00,+13.562440872E-03
+49.992365000E-03,+4.710437536240E+00,+5.749943940E-03
+49.992370000E-03,+4.700671915079E+00,+29.187431657E-03
+49.992375000E-03,+4.716296905088E+00,-2.062546825E-03
+49.992380000E-03,+4.731921905080E+00,+15.515558943E-03
+49.992385000E-03,+4.726062538553E+00,+21.374938559E-03
+49.992390000E-03,+4.741687530064E+00,+21.374940872E-03
+49.992395000E-03,+4.726062542424E+00,+25.281189326E-03
+49.992400000E-03,+4.737781281595E+00,+29.187439324E-03
+49.992405000E-03,+4.712390671316E+00,+15.515571298E-03
+49.992410000E-03,+4.722156282359E+00,+19.421814320E-03
+49.992415000E-03,+4.731921907354E+00,+13.562443204E-03
+49.992420000E-03,+4.728015662796E+00,+9.656192429E-03
+49.992425000E-03,+4.741687530785E+00,+15.515563535E-03
+49.992430000E-03,+4.716296921383E+00,+5.749944773E-03
+49.992435000E-03,+4.728015656552E+00,+13.562437747E-03
+49.992440000E-03,+4.731921909675E+00,+5.749944001E-03
+49.992445000E-03,+4.749500029190E+00,+13.562437739E-03
+49.992450000E-03,+4.716296924573E+00,+25.281186166E-03
+49.992455000E-03,+4.769031265035E+00,+9.656197155E-03
+49.992460000E-03,+4.728015677754E+00,+19.421811940E-03
+49.992465000E-03,+4.737781282302E+00,+21.374940085E-03
+49.992470000E-03,+4.743640658874E+00,+29.187437718E-03
+49.992475000E-03,+4.749500033871E+00,+25.281192451E-03
+49.992480000E-03,+4.747546912030E+00,+25.281190872E-03
+49.992485000E-03,+4.749500035448E+00,+3.796824579E-03
+49.992490000E-03,+4.747546912032E+00,+35.046803191E-03
+49.992495000E-03,+4.757312532272E+00,+13.562449602E-03
+49.992500000E-03,+4.763171908856E+00,+25.281186104E-03
+49.992505000E-03,+4.731921923970E+00,+19.421818259E-03
+49.992510000E-03,+4.772937519509E+00,+13.562443262E-03
+49.992515000E-03,+4.743640673205E+00,+21.374937681E-03
+49.992520000E-03,+4.765125027454E+00,+36.999934482E-03
+49.992525000E-03,+4.763171912039E+00,+15.515574670E-03
+49.992530000E-03,+4.749500041845E+00,+35.046807864E-03
+49.992535000E-03,+4.763171905627E+00,+9.656201296E-03
+49.992540000E-03,+4.769031283831E+00,+13.562439266E-03
+49.992545000E-03,+4.743640671690E+00,+25.281186049E-03
+49.992550000E-03,+4.778796896751E+00,+9.656197311E-03
+49.992555000E-03,+4.757312545105E+00,+13.562439260E-03
+49.992560000E-03,+4.772937529784E+00,+15.515565065E-03
+49.992565000E-03,+4.765125039472E+00,+13.562441680E-03
+49.992570000E-03,+4.763171912049E+00,+19.421813445E-03
+49.992575000E-03,+4.778796904759E+00,+15.515567492E-03
+49.992580000E-03,+4.778796911240E+00,+19.421814250E-03
+49.992585000E-03,+4.747546924233E+00,+36.999933563E-03
+49.992590000E-03,+4.784656270790E+00,+9.656202256E-03
+49.992595000E-03,+4.769031292753E+00,+21.374935987E-03
+49.992600000E-03,+4.780750031349E+00,+19.421816687E-03
+49.992605000E-03,+4.774890663688E+00,+29.187436791E-03
+49.992610000E-03,+4.765125040326E+00,+31.140565055E-03
+49.992615000E-03,+4.778796905512E+00,+29.187441690E-03
+49.992620000E-03,+4.769031290336E+00,+29.187440872E-03
+49.992625000E-03,+4.774890658779E+00,+29.187440872E-03
+49.992630000E-03,+4.790515654669E+00,+25.281192515E-03
+49.992635000E-03,+4.778796916174E+00,+31.140563405E-03
+49.992640000E-03,+4.784656283769E+00,+19.421820813E-03
+49.992645000E-03,+4.790515658766E+00,+15.515567521E-03
+49.992650000E-03,+4.774890667843E+00,+35.046807618E-03
+49.992655000E-03,+4.794421902975E+00,+29.187443352E-03
+49.992660000E-03,+4.772937545342E+00,+29.187440872E-03
+49.992665000E-03,+4.788562529611E+00,+25.281192529E-03
+49.992670000E-03,+4.790515660410E+00,+25.281190872E-03
+49.992675000E-03,+4.784656288731E+00,+21.374942533E-03
+49.992680000E-03,+4.784656286240E+00,+25.281189209E-03
+49.992685000E-03,+4.788562534574E+00,+5.749949199E-03
+49.992690000E-03,+4.772937542909E+00,+29.187430868E-03
+49.992695000E-03,+4.794421902058E+00,+3.796826724E-03
+49.992700000E-03,+4.806140656225E+00,+19.421809186E-03
+49.992705000E-03,+4.778796922954E+00,+29.187436688E-03
+49.992710000E-03,+4.784656283726E+00,+21.374944223E-03
+49.992715000E-03,+4.780750037917E+00,+19.421816711E-03
+49.992720000E-03,+4.788562532880E+00,+19.421815872E-03
+49.992725000E-03,+4.800281281194E+00,+15.515567554E-03
+49.992730000E-03,+4.774890672184E+00,+31.140559137E-03
+49.992735000E-03,+4.819812516852E+00,+21.374945087E-03
+49.992740000E-03,+4.806140667147E+00,+31.140561652E-03
+49.992745000E-03,+4.796375040465E+00,+13.562448477E-03
+49.992750000E-03,+4.800281284548E+00,+29.187434104E-03
+49.992755000E-03,+4.800281286240E+00,+25.281192566E-03
+49.992760000E-03,+4.774890672265E+00,+35.046811632E-03
+49.992765000E-03,+4.810046895956E+00,+13.562450212E-03
+49.992770000E-03,+4.784656297291E+00,+35.046806521E-03
+49.992775000E-03,+4.804187527728E+00,+19.421822682E-03
+49.992780000E-03,+4.806140660387E+00,+21.374940020E-03
+49.992785000E-03,+4.788562543919E+00,+25.281189166E-03
+49.992790000E-03,+4.806140653551E+00,+25.281190872E-03
+49.992795000E-03,+4.774890674924E+00,+19.421818438E-03
+49.992800000E-03,+4.812000019970E+00,+13.562443441E-03
+49.992805000E-03,+4.784656298242E+00,+19.421813300E-03
+49.992810000E-03,+4.800281279373E+00,+25.281188297E-03
+49.992815000E-03,+4.784656293115E+00,+25.281190872E-03
+49.992820000E-03,+4.800281279356E+00,+13.562446035E-03
+49.992825000E-03,+4.780750044854E+00,+31.140558119E-03
+49.992830000E-03,+4.806140650027E+00,+15.515572772E-03
+49.992835000E-03,+4.800281288830E+00,+29.187434828E-03
+49.992840000E-03,+4.810046906917E+00,+3.796827111E-03
+49.992845000E-03,+4.800281290567E+00,+15.515560679E-03
+49.992850000E-03,+4.790515665573E+00,+25.281186539E-03
+49.992855000E-03,+4.806140654299E+00,+19.421818475E-03
+49.992860000E-03,+4.800281288846E+00,+13.562443478E-03
+49.992865000E-03,+4.810046906891E+00,+21.374937394E-03
+49.992870000E-03,+4.810046911240E+00,+21.374940872E-03
+49.992875000E-03,+4.794421918213E+00,+21.374940872E-03
+49.992880000E-03,+4.815906276639E+00,+29.187437381E-03
+49.992885000E-03,+4.800281293230E+00,+9.656199610E-03
+49.992890000E-03,+4.815906279241E+00,+29.187432124E-03
+49.992895000E-03,+4.796375044998E+00,+19.421820251E-03
+49.992900000E-03,+4.810046905102E+00,+25.281188242E-03
+49.992905000E-03,+4.794421918263E+00,+15.515570262E-03
+49.992910000E-03,+4.806140655966E+00,+29.187434720E-03
+49.992915000E-03,+4.812000033600E+00,+29.187440872E-03
+49.992920000E-03,+4.819812532716E+00,+21.374944396E-03
+49.992925000E-03,+4.804187543296E+00,+5.749947928E-03
+49.992930000E-03,+4.812000032707E+00,+29.187430276E-03
+49.992935000E-03,+4.812000036240E+00,+15.515572061E-03
+49.992940000E-03,+4.804187539780E+00,+15.515565872E-03
+49.992945000E-03,+4.806140660354E+00,+13.562441758E-03
+49.992950000E-03,+4.806140661240E+00,+21.374937324E-03
+49.992955000E-03,+4.810046909463E+00,+25.281189096E-03
+49.992960000E-03,+4.812000035350E+00,+19.421818540E-03
+49.992965000E-03,+4.812000036240E+00,+9.656195323E-03
+49.992970000E-03,+4.800281291587E+00,+13.562439090E-03
+49.992975000E-03,+4.821765651424E+00,+21.374937303E-03
+49.992980000E-03,+4.804187544279E+00,+9.656196232E-03
+49.992985000E-03,+4.790515667500E+00,+29.187431929E-03
+49.992990000E-03,+4.815906274600E+00,+13.562448035E-03
+49.992995000E-03,+4.796375045204E+00,+15.515564976E-03
+49.993000000E-03,+4.815906277265E+00,+19.421814077E-03
+49.993005000E-03,+4.800281293427E+00,+9.656195364E-03
+49.993010000E-03,+4.812000030843E+00,+15.515563174E-03
+49.993015000E-03,+4.815906284439E+00,+21.374938171E-03
+49.993020000E-03,+4.815906286240E+00,+19.421816774E-03
+49.993025000E-03,+4.794421921168E+00,+35.046808652E-03
+49.993030000E-03,+4.827625020879E+00,+9.656202619E-03
+49.993035000E-03,+4.810046919381E+00,+31.140555921E-03
+49.993040000E-03,+4.821765655806E+00,+21.374945400E-03
+49.993045000E-03,+4.810046916680E+00,+19.421816779E-03
+49.993050000E-03,+4.806140663055E+00,+35.046808611E-03
+49.993055000E-03,+4.825671902152E+00,+5.749954503E-03
+49.993060000E-03,+4.815906290788E+00,+15.515561323E-03
+49.993065000E-03,+4.806140665794E+00,+31.140558586E-03
+49.993070000E-03,+4.815906281681E+00,+19.421821343E-03
+49.993075000E-03,+4.825671906675E+00,+29.187436308E-03
+49.993080000E-03,+4.812000042637E+00,+21.374944528E-03
+49.993085000E-03,+4.804187539899E+00,+19.421816787E-03
+49.993090000E-03,+4.819812528912E+00,+13.562443620E-03
+49.993095000E-03,+4.810046915824E+00,+35.046805786E-03
+49.993100000E-03,+4.825671903896E+00,+13.562450970E-03
+49.993105000E-03,+4.804187546349E+00,+35.046805763E-03
+49.993110000E-03,+4.831531273359E+00,+15.515575073E-03
+49.993115000E-03,+4.794421928740E+00,+31.140558504E-03
+49.993120000E-03,+4.841296889109E+00,+9.656201015E-03
+49.993125000E-03,+4.804187553779E+00,+19.421811257E-03
+49.993130000E-03,+4.821765652922E+00,+35.046808479E-03
+49.993135000E-03,+4.812000040866E+00,+25.281195498E-03
+49.993140000E-03,+4.815906284387E+00,+25.281190872E-03
+49.993145000E-03,+4.794421921439E+00,+25.281190872E-03
+49.993150000E-03,+4.831531268603E+00,+15.515570514E-03
+49.993155000E-03,+4.810046921462E+00,+25.281186226E-03
+49.993160000E-03,+4.825671903797E+00,+15.515570524E-03
+49.993165000E-03,+4.812000042759E+00,+13.562441804E-03
+49.993170000E-03,+4.815906284375E+00,+21.374937143E-03
+49.993175000E-03,+4.831531278772E+00,+29.187437139E-03
+49.993180000E-03,+4.806140673387E+00,+25.281192741E-03
+49.993185000E-03,+4.827625025950E+00,+36.999935259E-03
+49.993190000E-03,+4.825671912176E+00,+5.749955856E-03
+49.993195000E-03,+4.825671911240E+00,+25.281181497E-03
+49.993200000E-03,+4.831531283424E+00,+21.374942749E-03
+49.993205000E-03,+4.819812541877E+00,+21.374940872E-03
+49.993210000E-03,+4.819812536240E+00,+25.281188991E-03
+49.993215000E-03,+4.815906288123E+00,+29.187438989E-03
+49.993220000E-03,+4.831531278698E+00,+25.281192758E-03
+49.993225000E-03,+4.831531286240E+00,+36.999935210E-03
+49.993230000E-03,+4.831531286240E+00,+13.562452209E-03
+49.993235000E-03,+4.810046921643E+00,+36.999929523E-03
+49.993240000E-03,+4.841296896091E+00,+19.421824393E-03
+49.993245000E-03,+4.835437539083E+00,+29.187436133E-03
+49.993250000E-03,+4.819812543830E+00,+36.999937077E-03
+49.993255000E-03,+4.825671908390E+00,+31.140568722E-03
+49.993260000E-03,+4.812000042896E+00,+31.140565872E-03
+49.993265000E-03,+4.837390648865E+00,+25.281193728E-03
+49.993270000E-03,+4.843250033381E+00,+31.140563013E-03
+49.993275000E-03,+4.819812547687E+00,+21.374945642E-03
+49.993280000E-03,+4.825671908375E+00,+36.999933232E-03
+49.993285000E-03,+4.835437531460E+00,+15.515576388E-03
+49.993290000E-03,+4.810046923681E+00,+31.140558216E-03
+49.993295000E-03,+4.831531275701E+00,+21.374945663E-03
+49.993300000E-03,+4.831531286240E+00,+19.421816831E-03
+49.993305000E-03,+4.819812542000E+00,+36.999932231E-03
+49.993310000E-03,+4.831531280473E+00,+29.187444717E-03
+49.993315000E-03,+4.806140673748E+00,+35.046812986E-03
+49.993320000E-03,+4.835437521791E+00,+19.421823578E-03
+49.993325000E-03,+4.825671916061E+00,+36.999932194E-03
+49.993330000E-03,+4.810046918962E+00,+31.140568768E-03
+49.993335000E-03,+4.819812531408E+00,+35.046813940E-03
+49.993340000E-03,+4.821765660272E+00,+15.515575546E-03
+49.993345000E-03,+4.827625033335E+00,+36.999930220E-03
+49.993350000E-03,+4.827625036240E+00,+29.187444750E-03
+49.993355000E-03,+4.825671912210E+00,+29.187440872E-03
+49.993360000E-03,+4.819812539154E+00,+31.140564901E-03
+49.993365000E-03,+4.843250024570E+00,+29.187441845E-03
+49.993370000E-03,+4.812000051816E+00,+35.046812952E-03
+49.993375000E-03,+4.835437524545E+00,+31.140567821E-03
+49.993380000E-03,+4.806140675873E+00,+21.374945750E-03
+49.993385000E-03,+4.851062513778E+00,+25.281188919E-03
+49.993390000E-03,+4.815906303837E+00,+21.374942827E-03
+49.993395000E-03,+4.827625030368E+00,+29.187436958E-03
+49.993400000E-03,+4.819812540158E+00,+46.765557055E-03
+49.993405000E-03,+4.812000040162E+00,+13.562457544E-03
+49.993410000E-03,+4.819812532313E+00,+31.140557037E-03
+49.993415000E-03,+4.827625032309E+00,+19.421821769E-03
+49.993420000E-03,+4.831531284272E+00,+19.421815872E-03
+49.993425000E-03,+4.815906294118E+00,+35.046807994E-03
+49.993430000E-03,+4.841296898424E+00,+31.140567844E-03
+49.993435000E-03,+4.810046927029E+00,+29.187441859E-03
+49.993440000E-03,+4.831531275373E+00,+44.812432969E-03
+49.993445000E-03,+4.841296906295E+00,+29.187448784E-03
+49.993450000E-03,+4.819812547129E+00,+36.999936912E-03
+49.993455000E-03,+4.827625032276E+00,+21.374948800E-03
+49.993460000E-03,+4.806140672152E+00,+25.281188888E-03
+49.993465000E-03,+4.831531273330E+00,+35.046810907E-03
+49.993470000E-03,+4.825671914222E+00,+29.187443854E-03
+49.993475000E-03,+4.853015647308E+00,+21.374944853E-03
+49.993480000E-03,+4.810046933154E+00,+36.999932903E-03
+49.993485000E-03,+4.837390647280E+00,+25.281196855E-03
+49.993490000E-03,+4.810046925214E+00,+40.906182887E-03
+49.993495000E-03,+4.841296895252E+00,+25.281198866E-03
+49.993500000E-03,+4.812000051243E+00,+25.281190872E-03
+49.993505000E-03,+4.835437524225E+00,+29.187438870E-03
+49.993510000E-03,+4.831531288244E+00,+15.515572888E-03
+49.993515000E-03,+4.827625038246E+00,+31.140557846E-03
+49.993520000E-03,+4.837390656218E+00,+29.187441877E-03
+49.993525000E-03,+4.825671917272E+00,+15.515572910E-03
+49.993530000E-03,+4.831531283220E+00,+36.999929802E-03
+49.993535000E-03,+4.827625038254E+00,+29.187444902E-03
+49.993540000E-03,+4.835437532206E+00,+25.281192889E-03
+49.993545000E-03,+4.821765668306E+00,+29.187438853E-03
+49.993550000E-03,+4.821765661240E+00,+36.999936830E-03
+49.993555000E-03,+4.827625033205E+00,+25.281196941E-03
+49.993560000E-03,+4.815906292315E+00,+25.281190872E-03
+49.993565000E-03,+4.858875013941E+00,+13.562446954E-03
+49.993570000E-03,+4.806140688634E+00,+35.046804711E-03
+49.993575000E-03,+4.837390644989E+00,+9.656204076E-03
+49.993580000E-03,+4.821765669373E+00,+25.281182739E-03
+49.993585000E-03,+4.843250025045E+00,+21.374942908E-03
+49.993590000E-03,+4.810046928558E+00,+31.140560779E-03
+49.993595000E-03,+4.827625027062E+00,+25.281193931E-03
+49.993600000E-03,+4.825671912260E+00,+31.140562810E-03
+49.993605000E-03,+4.835437531131E+00,+19.421822003E-03
+49.993610000E-03,+4.821765668400E+00,+35.046807689E-03
+49.993615000E-03,+4.837390653049E+00,+21.374948039E-03
+49.993620000E-03,+4.831531289314E+00,+29.187436773E-03
+49.993625000E-03,+4.835437534188E+00,+29.187440872E-03
+49.993630000E-03,+4.827625040347E+00,+40.906184710E-03
+49.993635000E-03,+4.831531284184E+00,+29.187447040E-03
