x-axis,1,2,3
second,Volt,Volt,Volt
-208.0000E-06,+203.1250000E-03,+4.3886718750E+00,-105.4687500E-03
-207.8000E-06,+203.1250000E-03,+4.3847656250E+00,-105.4687500E-03
-207.6000E-06,+203.1250000E-03,+4.3867187500E+00,-103.5156250E-03
-207.4000E-06,+203.1250000E-03,+4.3828125000E+00,-105.4687500E-03
-207.2000E-06,+203.1250000E-03,+4.3867187500E+00,-101.5625000E-03
-207.0000E-06,+203.1250000E-03,+4.3886718750E+00,-101.5625000E-03
-206.8000E-06,+203.1250000E-03,+4.3867187500E+00,-95.7031250E-03
-206.6000E-06,+203.1250000E-03,+4.3886718750E+00,-101.5625000E-03
-206.4000E-06,+203.1250000E-03,+4.3867187500E+00,-101.5625000E-03
-206.2000E-06,+203.1250000E-03,+4.3886718750E+00,-101.5625000E-03
-206.0000E-06,+203.1250000E-03,+4.3886718750E+00,-99.6093750E-03
-205.8000E-06,+203.1250000E-03,+4.3847656250E+00,-107.4218750E-03
-205.6000E-06,+203.1250000E-03,+4.3886718750E+00,-111.3281250E-03
-205.4000E-06,+203.1250000E-03,+4.3847656250E+00,-101.5625000E-03
-205.2000E-06,+203.1250000E-03,+4.3906250000E+00,-95.7031250E-03
-205.0000E-06,+203.1250000E-03,+4.3906250000E+00,-107.4218750E-03
-204.8000E-06,+203.1250000E-03,+4.3867187500E+00,-107.4218750E-03
-204.6000E-06,+203.1250000E-03,+4.3925781250E+00,-91.7968750E-03
-204.4000E-06,+203.1250000E-03,+4.3906250000E+00,-87.8906250E-03
-204.2000E-06,+203.1250000E-03,+4.3886718750E+00,-103.5156250E-03
-204.0000E-06,+203.1250000E-03,+4.3906250000E+00,-109.3750000E-03
-203.8000E-06,+203.1250000E-03,+4.3867187500E+00,-95.7031250E-03
-203.6000E-06,+203.1250000E-03,+4.3867187500E+00,-95.7031250E-03
-203.4000E-06,+203.1250000E-03,+4.3906250000E+00,-101.5625000E-03
-203.2000E-06,+203.1250000E-03,+4.3867187500E+00,-103.5156250E-03
-203.0000E-06,+203.1250000E-03,+4.3886718750E+00,-97.6562500E-03
-202.8000E-06,+203.1250000E-03,+4.3945312500E+00,-95.7031250E-03
-202.6000E-06,+203.1250000E-03,+4.3925781250E+00,-97.6562500E-03
-202.4000E-06,+203.1250000E-03,+4.3906250000E+00,-99.6093750E-03
-202.2000E-06,+203.1250000E-03,+4.3847656250E+00,-99.6093750E-03
-202.0000E-06,+203.1250000E-03,+4.3945312500E+00,-99.6093750E-03
-201.8000E-06,+203.1250000E-03,+4.3867187500E+00,-99.6093750E-03
-201.6000E-06,+203.1250000E-03,+4.3847656250E+00,-101.5625000E-03
-201.4000E-06,+203.1250000E-03,+4.3886718750E+00,-95.7031250E-03
-201.2000E-06,+203.1250000E-03,+4.3886718750E+00,-91.7968750E-03
-201.0000E-06,+203.1250000E-03,+4.3906250000E+00,-91.7968750E-03
-200.8000E-06,+203.1250000E-03,+4.3886718750E+00,-103.5156250E-03
-200.6000E-06,+204.1015625E-03,+4.3886718750E+00,-103.5156250E-03
-200.4000E-06,+205.0781250E-03,+4.3925781250E+00,-93.7500000E-03
-200.2000E-06,+206.0546875E-03,+4.3847656250E+00,-91.7968750E-03
-200.0000E-06,+206.0546875E-03,+4.3906250000E+00,-99.6093750E-03
-199.8000E-06,+206.0546875E-03,+4.3867187500E+00,-105.4687500E-03
-199.6000E-06,+208.0078125E-03,+4.3906250000E+00,-87.8906250E-03
-199.4000E-06,+209.9609375E-03,+4.3886718750E+00,-80.0781250E-03
-199.2000E-06,+211.9140625E-03,+4.3906250000E+00,-95.7031250E-03
-199.0000E-06,+210.9375000E-03,+4.3886718750E+00,-101.5625000E-03
-198.8000E-06,+212.8906250E-03,+4.3906250000E+00,-93.7500000E-03
-198.6000E-06,+218.7500000E-03,+4.3886718750E+00,-89.8437500E-03
-198.4000E-06,+215.8203125E-03,+4.3945312500E+00,-91.7968750E-03
-198.2000E-06,+219.7265625E-03,+4.3925781250E+00,-99.6093750E-03
-198.0000E-06,+221.6796875E-03,+4.3925781250E+00,-89.8437500E-03
-197.8000E-06,+229.4921875E-03,+4.3945312500E+00,-82.0312500E-03
-197.6000E-06,+225.5859375E-03,+4.3945312500E+00,-99.6093750E-03
-197.4000E-06,+223.6328125E-03,+4.3925781250E+00,-107.4218750E-03
-197.2000E-06,+228.5156250E-03,+4.3945312500E+00,-95.7031250E-03
-197.0000E-06,+233.3984375E-03,+4.3925781250E+00,-87.8906250E-03
-196.8000E-06,+231.4453125E-03,+4.3945312500E+00,-95.7031250E-03
-196.6000E-06,+217.7734375E-03,+4.3847656250E+00,-140.6250000E-03
-196.4000E-06,+238.2812500E-03,+4.3964843750E+00,-56.6406250E-03
-196.2000E-06,+248.0468750E-03,+4.4062500000E+00,-56.6406250E-03
-196.0000E-06,+241.2109375E-03,+4.4042968750E+00,-105.4687500E-03
-195.8000E-06,+236.3281250E-03,+4.3964843750E+00,-125.0000000E-03
-195.6000E-06,+259.7656250E-03,+4.4160156250E+00,-39.0625000E-03
-195.4000E-06,+244.1406250E-03,+4.4218750000E+00,-125.0000000E-03
-195.2000E-06,+238.2812500E-03,+4.4140625000E+00,-125.0000000E-03
-195.0000E-06,+245.1171875E-03,+4.4218750000E+00,-85.9375000E-03
-194.8000E-06,+255.8593750E-03,+4.4277343750E+00,-56.6406250E-03
-194.6000E-06,+251.9531250E-03,+4.4238281250E+00,-85.9375000E-03
-194.4000E-06,+252.9296875E-03,+4.4199218750E+00,-99.6093750E-03
-194.2000E-06,+254.8828125E-03,+4.4199218750E+00,-99.6093750E-03
-194.0000E-06,+258.7890625E-03,+4.4179687500E+00,-85.9375000E-03
-193.8000E-06,+259.7656250E-03,+4.4179687500E+00,-93.7500000E-03
-193.6000E-06,+260.7421875E-03,+4.4179687500E+00,-101.5625000E-03
-193.4000E-06,+264.6484375E-03,+4.4101562500E+00,-93.7500000E-03
-193.2000E-06,+270.5078125E-03,+4.4121093750E+00,-85.9375000E-03
-193.0000E-06,+271.4843750E-03,+4.4121093750E+00,-80.0781250E-03
-192.8000E-06,+271.4843750E-03,+4.4082031250E+00,-85.9375000E-03
-192.6000E-06,+275.3906250E-03,+4.4140625000E+00,-85.9375000E-03
-192.4000E-06,+276.3671875E-03,+4.4121093750E+00,-82.0312500E-03
-192.2000E-06,+275.3906250E-03,+4.4101562500E+00,-87.8906250E-03
-192.0000E-06,+281.2500000E-03,+4.4062500000E+00,-89.8437500E-03
-191.8000E-06,+280.2734375E-03,+4.4042968750E+00,-89.8437500E-03
-191.6000E-06,+285.1562500E-03,+4.4023437500E+00,-91.7968750E-03
-191.4000E-06,+285.1562500E-03,+4.4003906250E+00,-91.7968750E-03
-191.2000E-06,+288.0859375E-03,+4.4023437500E+00,-83.9843750E-03
-191.0000E-06,+290.0390625E-03,+4.4003906250E+00,-82.0312500E-03
-190.8000E-06,+291.0156250E-03,+4.4003906250E+00,-87.8906250E-03
-190.6000E-06,+289.0625000E-03,+4.4023437500E+00,-85.9375000E-03
-190.4000E-06,+296.8750000E-03,+4.4042968750E+00,-83.9843750E-03
-190.2000E-06,+296.8750000E-03,+4.4042968750E+00,-76.1718750E-03
-190.0000E-06,+304.6875000E-03,+4.4023437500E+00,-78.1250000E-03
-189.8000E-06,+310.5468750E-03,+4.4003906250E+00,-85.9375000E-03
-189.6000E-06,+310.5468750E-03,+4.4003906250E+00,-89.8437500E-03
-189.4000E-06,+305.6640625E-03,+4.4003906250E+00,-99.6093750E-03
-189.2000E-06,+309.5703125E-03,+4.3984375000E+00,-89.8437500E-03
-189.0000E-06,+308.5937500E-03,+4.3984375000E+00,-80.0781250E-03
-188.8000E-06,+310.5468750E-03,+4.4003906250E+00,-76.1718750E-03
-188.6000E-06,+309.5703125E-03,+4.3984375000E+00,-87.8906250E-03
-188.4000E-06,+309.5703125E-03,+4.4003906250E+00,-85.9375000E-03
-188.2000E-06,+316.4062500E-03,+4.4023437500E+00,-78.1250000E-03
-188.0000E-06,+322.2656250E-03,+4.4003906250E+00,-74.2187500E-03
-187.8000E-06,+320.3125000E-03,+4.3984375000E+00,-85.9375000E-03
-187.6000E-06,+321.2890625E-03,+4.3964843750E+00,-93.7500000E-03
-187.4000E-06,+324.2187500E-03,+4.3945312500E+00,-93.7500000E-03
-187.2000E-06,+327.1484375E-03,+4.3945312500E+00,-89.8437500E-03
-187.0000E-06,+324.2187500E-03,+4.3984375000E+00,-80.0781250E-03
-186.8000E-06,+325.1953125E-03,+4.3984375000E+00,-78.1250000E-03
-186.6000E-06,+328.1250000E-03,+4.4023437500E+00,-74.2187500E-03
-186.4000E-06,+332.0312500E-03,+4.4003906250E+00,-70.3125000E-03
-186.2000E-06,+332.0312500E-03,+4.4023437500E+00,-78.1250000E-03
-186.0000E-06,+338.8671875E-03,+4.4003906250E+00,-85.9375000E-03
-185.8000E-06,+339.8437500E-03,+4.4003906250E+00,-91.7968750E-03
-185.6000E-06,+339.8437500E-03,+4.3984375000E+00,-93.7500000E-03
-185.4000E-06,+345.7031250E-03,+4.3945312500E+00,-87.8906250E-03
-185.2000E-06,+346.6796875E-03,+4.3925781250E+00,-83.9843750E-03
-185.0000E-06,+346.6796875E-03,+4.3964843750E+00,-80.0781250E-03
-184.8000E-06,+350.5859375E-03,+4.4003906250E+00,-68.3593750E-03
-184.6000E-06,+350.5859375E-03,+4.4023437500E+00,-70.3125000E-03
-184.4000E-06,+354.4921875E-03,+4.4062500000E+00,-72.2656250E-03
-184.2000E-06,+356.4453125E-03,+4.4003906250E+00,-87.8906250E-03
-184.0000E-06,+358.3984375E-03,+4.4003906250E+00,-91.7968750E-03
-183.8000E-06,+360.3515625E-03,+4.3964843750E+00,-89.8437500E-03
-183.6000E-06,+360.3515625E-03,+4.3964843750E+00,-89.8437500E-03
-183.4000E-06,+360.3515625E-03,+4.3964843750E+00,-80.0781250E-03
-183.2000E-06,+362.3046875E-03,+4.3945312500E+00,-78.1250000E-03
-183.0000E-06,+364.2578125E-03,+4.4003906250E+00,-72.2656250E-03
-182.8000E-06,+367.1875000E-03,+4.3984375000E+00,-58.5937500E-03
-182.6000E-06,+367.1875000E-03,+4.4042968750E+00,-74.2187500E-03
-182.4000E-06,+364.2578125E-03,+4.4023437500E+00,-91.7968750E-03
-182.2000E-06,+369.1406250E-03,+4.3964843750E+00,-89.8437500E-03
-182.0000E-06,+373.0468750E-03,+4.4003906250E+00,-83.9843750E-03
-181.8000E-06,+375.0000000E-03,+4.3984375000E+00,-85.9375000E-03
-181.6000E-06,+375.9765625E-03,+4.3964843750E+00,-83.9843750E-03
-181.4000E-06,+375.9765625E-03,+4.3964843750E+00,-76.1718750E-03
-181.2000E-06,+380.8593750E-03,+4.4003906250E+00,-70.3125000E-03
-181.0000E-06,+379.8828125E-03,+4.4003906250E+00,-70.3125000E-03
-180.8000E-06,+384.7656250E-03,+4.4023437500E+00,-72.2656250E-03
-180.6000E-06,+387.6953125E-03,+4.4023437500E+00,-80.0781250E-03
-180.4000E-06,+389.6484375E-03,+4.3984375000E+00,-89.8437500E-03
-180.2000E-06,+389.6484375E-03,+4.4003906250E+00,-83.9843750E-03
-180.0000E-06,+393.5546875E-03,+4.3964843750E+00,-80.0781250E-03
-179.8000E-06,+399.4140625E-03,+4.3945312500E+00,-74.2187500E-03
-179.6000E-06,+397.4609375E-03,+4.3984375000E+00,-70.3125000E-03
-179.4000E-06,+399.4140625E-03,+4.4003906250E+00,-72.2656250E-03
-179.2000E-06,+402.3437500E-03,+4.4042968750E+00,-70.3125000E-03
-179.0000E-06,+404.2968750E-03,+4.4023437500E+00,-78.1250000E-03
-178.8000E-06,+405.2734375E-03,+4.3984375000E+00,-80.0781250E-03
-178.6000E-06,+408.2031250E-03,+4.3964843750E+00,-80.0781250E-03
-178.4000E-06,+408.2031250E-03,+4.3984375000E+00,-80.0781250E-03
-178.2000E-06,+410.1562500E-03,+4.3945312500E+00,-78.1250000E-03
-178.0000E-06,+413.0859375E-03,+4.4023437500E+00,-74.2187500E-03
-177.8000E-06,+413.0859375E-03,+4.4003906250E+00,-74.2187500E-03
-177.6000E-06,+417.9687500E-03,+4.3984375000E+00,-68.3593750E-03
-177.4000E-06,+417.9687500E-03,+4.4003906250E+00,-72.2656250E-03
-177.2000E-06,+419.9218750E-03,+4.3945312500E+00,-74.2187500E-03
-177.0000E-06,+419.9218750E-03,+4.4003906250E+00,-76.1718750E-03
-176.8000E-06,+420.8984375E-03,+4.3945312500E+00,-83.9843750E-03
-176.6000E-06,+421.8750000E-03,+4.3964843750E+00,-76.1718750E-03
-176.4000E-06,+427.7343750E-03,+4.3945312500E+00,-72.2656250E-03
-176.2000E-06,+430.6640625E-03,+4.3964843750E+00,-70.3125000E-03
-176.0000E-06,+433.5937500E-03,+4.3984375000E+00,-68.3593750E-03
-175.8000E-06,+434.5703125E-03,+4.4003906250E+00,-76.1718750E-03
-175.6000E-06,+437.5000000E-03,+4.3945312500E+00,-76.1718750E-03
-175.4000E-06,+438.4765625E-03,+4.3925781250E+00,-72.2656250E-03
-175.2000E-06,+437.5000000E-03,+4.3964843750E+00,-72.2656250E-03
-175.0000E-06,+442.3828125E-03,+4.3945312500E+00,-78.1250000E-03
-174.8000E-06,+442.3828125E-03,+4.3925781250E+00,-74.2187500E-03
-174.6000E-06,+450.1953125E-03,+4.3964843750E+00,-68.3593750E-03
-174.4000E-06,+451.1718750E-03,+4.3964843750E+00,-68.3593750E-03
-174.2000E-06,+452.1484375E-03,+4.3925781250E+00,-68.3593750E-03
-174.0000E-06,+456.0546875E-03,+4.3984375000E+00,-72.2656250E-03
-173.8000E-06,+456.0546875E-03,+4.3925781250E+00,-76.1718750E-03
-173.6000E-06,+459.9609375E-03,+4.3925781250E+00,-76.1718750E-03
-173.4000E-06,+458.0078125E-03,+4.3945312500E+00,-76.1718750E-03
-173.2000E-06,+460.9375000E-03,+4.3964843750E+00,-76.1718750E-03
-173.0000E-06,+460.9375000E-03,+4.3925781250E+00,-74.2187500E-03
-172.8000E-06,+464.8437500E-03,+4.3906250000E+00,-72.2656250E-03
-172.6000E-06,+463.8671875E-03,+4.3906250000E+00,-66.4062500E-03
-172.4000E-06,+468.7500000E-03,+4.3964843750E+00,-68.3593750E-03
-172.2000E-06,+468.7500000E-03,+4.3984375000E+00,-72.2656250E-03
-172.0000E-06,+471.6796875E-03,+4.3925781250E+00,-74.2187500E-03
-171.8000E-06,+475.5859375E-03,+4.3906250000E+00,-72.2656250E-03
-171.6000E-06,+475.5859375E-03,+4.3906250000E+00,-76.1718750E-03
-171.4000E-06,+478.5156250E-03,+4.3886718750E+00,-72.2656250E-03
-171.2000E-06,+478.5156250E-03,+4.3867187500E+00,-70.3125000E-03
-171.0000E-06,+482.4218750E-03,+4.3886718750E+00,-66.4062500E-03
-170.8000E-06,+484.3750000E-03,+4.3886718750E+00,-64.4531250E-03
-170.6000E-06,+487.3046875E-03,+4.3886718750E+00,-68.3593750E-03
-170.4000E-06,+487.3046875E-03,+4.3906250000E+00,-72.2656250E-03
-170.2000E-06,+490.2343750E-03,+4.3906250000E+00,-74.2187500E-03
-170.0000E-06,+494.1406250E-03,+4.3886718750E+00,-74.2187500E-03
-169.8000E-06,+496.0937500E-03,+4.3886718750E+00,-76.1718750E-03
-169.6000E-06,+498.0468750E-03,+4.3906250000E+00,-72.2656250E-03
-169.4000E-06,+498.0468750E-03,+4.3808593750E+00,-70.3125000E-03
-169.2000E-06,+500.0000000E-03,+4.3847656250E+00,-68.3593750E-03
-169.0000E-06,+501.9531250E-03,+4.3847656250E+00,-66.4062500E-03
-168.8000E-06,+501.9531250E-03,+4.3847656250E+00,-64.4531250E-03
-168.6000E-06,+506.8359375E-03,+4.3847656250E+00,-62.5000000E-03
-168.4000E-06,+509.7656250E-03,+4.3808593750E+00,-76.1718750E-03
-168.2000E-06,+505.8593750E-03,+4.3789062500E+00,-87.8906250E-03
-168.0000E-06,+506.8359375E-03,+4.3789062500E+00,-66.4062500E-03
-167.8000E-06,+514.6484375E-03,+4.3828125000E+00,-58.5937500E-03
-167.6000E-06,+514.6484375E-03,+4.3808593750E+00,-70.3125000E-03
-167.4000E-06,+512.6953125E-03,+4.3789062500E+00,-72.2656250E-03
-167.2000E-06,+517.5781250E-03,+4.3789062500E+00,-66.4062500E-03
-167.0000E-06,+523.4375000E-03,+4.3769531250E+00,-60.5468750E-03
-166.8000E-06,+519.5312500E-03,+4.3769531250E+00,-74.2187500E-03
-166.6000E-06,+523.4375000E-03,+4.3710937500E+00,-72.2656250E-03
-166.4000E-06,+526.3671875E-03,+4.3730468750E+00,-68.3593750E-03
-166.2000E-06,+528.3203125E-03,+4.3750000000E+00,-68.3593750E-03
-166.0000E-06,+529.2968750E-03,+4.3730468750E+00,-70.3125000E-03
-165.8000E-06,+532.2265625E-03,+4.3691406250E+00,-66.4062500E-03
-165.6000E-06,+533.2031250E-03,+4.3730468750E+00,-64.4531250E-03
-165.4000E-06,+533.2031250E-03,+4.3710937500E+00,-64.4531250E-03
-165.2000E-06,+536.1328125E-03,+4.3730468750E+00,-64.4531250E-03
-165.0000E-06,+539.0625000E-03,+4.3691406250E+00,-68.3593750E-03
-164.8000E-06,+538.0859375E-03,+4.3691406250E+00,-66.4062500E-03
-164.6000E-06,+540.0390625E-03,+4.3671875000E+00,-68.3593750E-03
-164.4000E-06,+545.8984375E-03,+4.3671875000E+00,-70.3125000E-03
-164.2000E-06,+545.8984375E-03,+4.3632812500E+00,-64.4531250E-03
-164.0000E-06,+548.8281250E-03,+4.3652343750E+00,-64.4531250E-03
-163.8000E-06,+548.8281250E-03,+4.3632812500E+00,-64.4531250E-03
-163.6000E-06,+551.7578125E-03,+4.3613281250E+00,-64.4531250E-03
-163.4000E-06,+552.7343750E-03,+4.3632812500E+00,-68.3593750E-03
-163.2000E-06,+552.7343750E-03,+4.3632812500E+00,-68.3593750E-03
-163.0000E-06,+555.6640625E-03,+4.3574218750E+00,-66.4062500E-03
-162.8000E-06,+557.6171875E-03,+4.3535156250E+00,-66.4062500E-03
-162.6000E-06,+564.4531250E-03,+4.3554687500E+00,-64.4531250E-03
-162.4000E-06,+560.5468750E-03,+4.3554687500E+00,-64.4531250E-03
-162.2000E-06,+565.4296875E-03,+4.3554687500E+00,-64.4531250E-03
-162.0000E-06,+565.4296875E-03,+4.3554687500E+00,-64.4531250E-03
-161.8000E-06,+571.2890625E-03,+4.3535156250E+00,-62.5000000E-03
-161.6000E-06,+573.2421875E-03,+4.3496093750E+00,-66.4062500E-03
-161.4000E-06,+573.2421875E-03,+4.3476562500E+00,-66.4062500E-03
-161.2000E-06,+575.1953125E-03,+4.3476562500E+00,-66.4062500E-03
-161.0000E-06,+578.1250000E-03,+4.3457031250E+00,-64.4531250E-03
-160.8000E-06,+579.1015625E-03,+4.3476562500E+00,-60.5468750E-03
-160.6000E-06,+582.0312500E-03,+4.3457031250E+00,-64.4531250E-03
-160.4000E-06,+582.0312500E-03,+4.3457031250E+00,-60.5468750E-03
-160.2000E-06,+587.8906250E-03,+4.3457031250E+00,-64.4531250E-03
-160.0000E-06,+585.9375000E-03,+4.3457031250E+00,-62.5000000E-03
-159.8000E-06,+591.7968750E-03,+4.3417968750E+00,-58.5937500E-03
-159.6000E-06,+592.7734375E-03,+4.3398437500E+00,-62.5000000E-03
-159.4000E-06,+588.8671875E-03,+4.3320312500E+00,-76.1718750E-03
-159.2000E-06,+593.7500000E-03,+4.3281250000E+00,-60.5468750E-03
-159.0000E-06,+596.6796875E-03,+4.3339843750E+00,-56.6406250E-03
-158.8000E-06,+598.6328125E-03,+4.3300781250E+00,-62.5000000E-03
-158.6000E-06,+598.6328125E-03,+4.3300781250E+00,-68.3593750E-03
-158.4000E-06,+597.6562500E-03,+4.3281250000E+00,-64.4531250E-03
-158.2000E-06,+607.4218750E-03,+4.3320312500E+00,-54.6875000E-03
-158.0000E-06,+605.4687500E-03,+4.3300781250E+00,-58.5937500E-03
-157.8000E-06,+607.4218750E-03,+4.3222656250E+00,-68.3593750E-03
-157.6000E-06,+610.3515625E-03,+4.3222656250E+00,-68.3593750E-03
-157.4000E-06,+610.3515625E-03,+4.3203125000E+00,-58.5937500E-03
-157.2000E-06,+613.2812500E-03,+4.3203125000E+00,-56.6406250E-03
-157.0000E-06,+614.2578125E-03,+4.3144531250E+00,-60.5468750E-03
-156.8000E-06,+619.1406250E-03,+4.3105468750E+00,-62.5000000E-03
-156.6000E-06,+621.0937500E-03,+4.3164062500E+00,-60.5468750E-03
-156.4000E-06,+624.0234375E-03,+4.3125000000E+00,-68.3593750E-03
-156.2000E-06,+625.9765625E-03,+4.3066406250E+00,-64.4531250E-03
-156.0000E-06,+625.9765625E-03,+4.3027343750E+00,-58.5937500E-03
-155.8000E-06,+629.8828125E-03,+4.2988281250E+00,-66.4062500E-03
-155.6000E-06,+628.9062500E-03,+4.2988281250E+00,-62.5000000E-03
-155.4000E-06,+632.8125000E-03,+4.3027343750E+00,-56.6406250E-03
-155.2000E-06,+635.7421875E-03,+4.2949218750E+00,-60.5468750E-03
-155.0000E-06,+632.8125000E-03,+4.2988281250E+00,-60.5468750E-03
-154.8000E-06,+640.6250000E-03,+4.2910156250E+00,-56.6406250E-03
-154.6000E-06,+641.6015625E-03,+4.2890625000E+00,-64.4531250E-03
-154.4000E-06,+645.5078125E-03,+4.2871093750E+00,-60.5468750E-03
-154.2000E-06,+641.6015625E-03,+4.2812500000E+00,-62.5000000E-03
-154.0000E-06,+647.4609375E-03,+4.2773437500E+00,-64.4531250E-03
-153.8000E-06,+647.4609375E-03,+4.2753906250E+00,-54.6875000E-03
-153.6000E-06,+653.3203125E-03,+4.2695312500E+00,-50.7812500E-03
-153.4000E-06,+648.4375000E-03,+4.2734375000E+00,-66.4062500E-03
-153.2000E-06,+650.3906250E-03,+4.2519531250E+00,-72.2656250E-03
-153.0000E-06,+654.2968750E-03,+4.2636718750E+00,-52.7343750E-03
-152.8000E-06,+660.1562500E-03,+4.2636718750E+00,-54.6875000E-03
-152.6000E-06,+656.2500000E-03,+4.2480468750E+00,-70.3125000E-03
-152.4000E-06,+663.0859375E-03,+4.2558593750E+00,-60.5468750E-03
-152.2000E-06,+666.9921875E-03,+4.2578125000E+00,-50.7812500E-03
-152.0000E-06,+667.9687500E-03,+4.2460937500E+00,-60.5468750E-03
-151.8000E-06,+670.8984375E-03,+4.2519531250E+00,-64.4531250E-03
-151.6000E-06,+671.8750000E-03,+4.2421875000E+00,-56.6406250E-03
-151.4000E-06,+671.8750000E-03,+4.2363281250E+00,-54.6875000E-03
-151.2000E-06,+675.7812500E-03,+4.2402343750E+00,-58.5937500E-03
-151.0000E-06,+676.7578125E-03,+4.2285156250E+00,-54.6875000E-03
-150.8000E-06,+678.7109375E-03,+4.2246093750E+00,-56.6406250E-03
-150.6000E-06,+677.7343750E-03,+4.2148437500E+00,-58.5937500E-03
-150.4000E-06,+681.6406250E-03,+4.2128906250E+00,-58.5937500E-03
-150.2000E-06,+685.5468750E-03,+4.2070312500E+00,-52.7343750E-03
-150.0000E-06,+690.4296875E-03,+4.1914062500E+00,-52.7343750E-03
-149.8000E-06,+683.5937500E-03,+4.2011718750E+00,-70.3125000E-03
-149.6000E-06,+685.5468750E-03,+4.1972656250E+00,-66.4062500E-03
-149.4000E-06,+692.3828125E-03,+4.1914062500E+00,-54.6875000E-03
-149.2000E-06,+693.3593750E-03,+4.1972656250E+00,-46.8750000E-03
-149.0000E-06,+690.4296875E-03,+4.1777343750E+00,-74.2187500E-03
-148.8000E-06,+690.4296875E-03,+4.1718750000E+00,-68.3593750E-03
-148.6000E-06,+699.2187500E-03,+4.1796875000E+00,-46.8750000E-03
-148.4000E-06,+701.1718750E-03,+4.1582031250E+00,-46.8750000E-03
-148.2000E-06,+700.1953125E-03,+4.1562500000E+00,-64.4531250E-03
-148.0000E-06,+701.1718750E-03,+4.1523437500E+00,-68.3593750E-03
-147.8000E-06,+709.9609375E-03,+4.1386718750E+00,-48.8281250E-03
-147.6000E-06,+712.8906250E-03,+4.1445312500E+00,-54.6875000E-03
-147.4000E-06,+710.9375000E-03,+4.1171875000E+00,-62.5000000E-03
-147.2000E-06,+711.9140625E-03,+4.1171875000E+00,-60.5468750E-03
-147.0000E-06,+715.8203125E-03,+4.1113281250E+00,-54.6875000E-03
-146.8000E-06,+717.7734375E-03,+4.1015625000E+00,-52.7343750E-03
-146.6000E-06,+716.7968750E-03,+4.1113281250E+00,-60.5468750E-03
-146.4000E-06,+720.7031250E-03,+4.0859375000E+00,-60.5468750E-03
-146.2000E-06,+724.6093750E-03,+4.0878906250E+00,-56.6406250E-03
-146.0000E-06,+726.5625000E-03,+4.0859375000E+00,-56.6406250E-03
-145.8000E-06,+725.5859375E-03,+4.0605468750E+00,-60.5468750E-03
-145.6000E-06,+728.5156250E-03,+4.0644531250E+00,-60.5468750E-03
-145.4000E-06,+730.4687500E-03,+4.0644531250E+00,-54.6875000E-03
-145.2000E-06,+732.4218750E-03,+4.0214843750E+00,-48.8281250E-03
-145.0000E-06,+733.3984375E-03,+4.0390625000E+00,-48.8281250E-03
-144.8000E-06,+737.3046875E-03,+4.0117187500E+00,-62.5000000E-03
-144.6000E-06,+734.3750000E-03,+4.0058593750E+00,-62.5000000E-03
-144.4000E-06,+736.3281250E-03,+4.0234375000E+00,-48.8281250E-03
-144.2000E-06,+744.1406250E-03,+3.9960937500E+00,-50.7812500E-03
-144.0000E-06,+740.2343750E-03,+3.9882812500E+00,-54.6875000E-03
-143.8000E-06,+746.0937500E-03,+3.9824218750E+00,-56.6406250E-03
-143.6000E-06,+747.0703125E-03,+3.9472656250E+00,-48.8281250E-03
-143.4000E-06,+748.0468750E-03,+3.9589843750E+00,-58.5937500E-03
-143.2000E-06,+749.0234375E-03,+3.9238281250E+00,-58.5937500E-03
-143.0000E-06,+750.9765625E-03,+3.9296875000E+00,-50.7812500E-03
-142.8000E-06,+757.8125000E-03,+3.9238281250E+00,-46.8750000E-03
-142.6000E-06,+758.7890625E-03,+3.8828125000E+00,-48.8281250E-03
-142.4000E-06,+762.6953125E-03,+3.9003906250E+00,-58.5937500E-03
-142.2000E-06,+758.7890625E-03,+3.8574218750E+00,-58.5937500E-03
-142.0000E-06,+766.6015625E-03,+3.8515625000E+00,-52.7343750E-03
-141.8000E-06,+767.5781250E-03,+3.8515625000E+00,-48.8281250E-03
-141.6000E-06,+766.6015625E-03,+3.8105468750E+00,-52.7343750E-03
-141.4000E-06,+773.4375000E-03,+3.8183593750E+00,-54.6875000E-03
-141.2000E-06,+773.4375000E-03,+3.8261718750E+00,-50.7812500E-03
-141.0000E-06,+778.3203125E-03,+3.7753906250E+00,-44.9218750E-03
-140.8000E-06,+780.2734375E-03,+3.7871093750E+00,-54.6875000E-03
-140.6000E-06,+780.2734375E-03,+3.7753906250E+00,-52.7343750E-03
-140.4000E-06,+780.2734375E-03,+3.7285156250E+00,-54.6875000E-03
-140.2000E-06,+781.2500000E-03,+3.7402343750E+00,-54.6875000E-03
-140.0000E-06,+786.1328125E-03,+3.6972656250E+00,-54.6875000E-03
-139.8000E-06,+786.1328125E-03,+3.6875000000E+00,-58.5937500E-03
-139.6000E-06,+786.1328125E-03,+3.6699218750E+00,-52.7343750E-03
-139.4000E-06,+791.9921875E-03,+3.6386718750E+00,-42.9687500E-03
-139.2000E-06,+791.0156250E-03,+3.6621093750E+00,-54.6875000E-03
-139.0000E-06,+787.1093750E-03,+3.6230468750E+00,-62.5000000E-03
-138.8000E-06,+796.8750000E-03,+3.6328125000E+00,-42.9687500E-03
-138.6000E-06,+797.8515625E-03,+3.5937500000E+00,-44.9218750E-03
-138.4000E-06,+796.8750000E-03,+3.5703125000E+00,-52.7343750E-03
-138.2000E-06,+794.9218750E-03,+3.5937500000E+00,-64.4531250E-03
-138.0000E-06,+802.7343750E-03,+3.5742187500E+00,-50.7812500E-03
-137.8000E-06,+807.6171875E-03,+3.5566406250E+00,-42.9687500E-03
-137.6000E-06,+808.5937500E-03,+3.5468750000E+00,-50.7812500E-03
-137.4000E-06,+811.5234375E-03,+3.5292968750E+00,-50.7812500E-03
-137.2000E-06,+811.5234375E-03,+3.5332031250E+00,-54.6875000E-03
-137.0000E-06,+816.4062500E-03,+3.5136718750E+00,-56.6406250E-03
-136.8000E-06,+818.3593750E-03,+3.4921875000E+00,-50.7812500E-03
-136.6000E-06,+819.3359375E-03,+3.5097656250E+00,-46.8750000E-03
-136.4000E-06,+820.3125000E-03,+3.4687500000E+00,-52.7343750E-03
-136.2000E-06,+822.2656250E-03,+3.4921875000E+00,-52.7343750E-03
-136.0000E-06,+827.1484375E-03,+3.4648437500E+00,-48.8281250E-03
-135.8000E-06,+825.1953125E-03,+3.4433593750E+00,-46.8750000E-03
-135.6000E-06,+828.1250000E-03,+3.4492187500E+00,-46.8750000E-03
-135.4000E-06,+829.1015625E-03,+3.4375000000E+00,-54.6875000E-03
-135.2000E-06,+831.0546875E-03,+3.4218750000E+00,-54.6875000E-03
-135.0000E-06,+831.0546875E-03,+3.4160156250E+00,-50.7812500E-03
-134.8000E-06,+835.9375000E-03,+3.4179687500E+00,-50.7812500E-03
-134.6000E-06,+836.9140625E-03,+3.4042968750E+00,-48.8281250E-03
-134.4000E-06,+839.8437500E-03,+3.3906250000E+00,-50.7812500E-03
-134.2000E-06,+837.8906250E-03,+3.3906250000E+00,-48.8281250E-03
-134.0000E-06,+839.8437500E-03,+3.3789062500E+00,-50.7812500E-03
-133.8000E-06,+843.7500000E-03,+3.3496093750E+00,-50.7812500E-03
-133.6000E-06,+845.7031250E-03,+3.3613281250E+00,-54.6875000E-03
-133.4000E-06,+845.7031250E-03,+3.3632812500E+00,-54.6875000E-03
-133.2000E-06,+850.5859375E-03,+3.3222656250E+00,-54.6875000E-03
-133.0000E-06,+848.6328125E-03,+3.3457031250E+00,-52.7343750E-03
-132.8000E-06,+848.6328125E-03,+3.3125000000E+00,-50.7812500E-03
-132.6000E-06,+854.4921875E-03,+3.3085937500E+00,-48.8281250E-03
-132.4000E-06,+854.4921875E-03,+3.3164062500E+00,-46.8750000E-03
-132.2000E-06,+858.3984375E-03,+3.2792968750E+00,-46.8750000E-03
-132.0000E-06,+859.3750000E-03,+3.2812500000E+00,-42.9687500E-03
-131.8000E-06,+863.2812500E-03,+3.2656250000E+00,-50.7812500E-03
-131.6000E-06,+866.2109375E-03,+3.2265625000E+00,-48.8281250E-03
-131.4000E-06,+865.2343750E-03,+3.2441406250E+00,-54.6875000E-03
-131.2000E-06,+867.1875000E-03,+3.2148437500E+00,-54.6875000E-03
-131.0000E-06,+871.0937500E-03,+3.2226562500E+00,-48.8281250E-03
-130.8000E-06,+871.0937500E-03,+3.2207031250E+00,-46.8750000E-03
-130.6000E-06,+870.1171875E-03,+3.1914062500E+00,-50.7812500E-03
-130.4000E-06,+872.0703125E-03,+3.1953125000E+00,-44.9218750E-03
-130.2000E-06,+875.0000000E-03,+3.1660156250E+00,-48.8281250E-03
-130.0000E-06,+879.8828125E-03,+3.1562500000E+00,-48.8281250E-03
-129.8000E-06,+879.8828125E-03,+3.1445312500E+00,-54.6875000E-03
-129.6000E-06,+880.8593750E-03,+3.1386718750E+00,-52.7343750E-03
-129.4000E-06,+881.8359375E-03,+3.1132812500E+00,-50.7812500E-03
-129.2000E-06,+882.8125000E-03,+3.1171875000E+00,-42.9687500E-03
-129.0000E-06,+873.0468750E-03,+3.0976562500E+00,-103.5156250E-03
-128.8000E-06,+888.6718750E-03,+3.1054687500E+00,-11.7187500E-03
-128.6000E-06,+896.4843750E-03,+3.0664062500E+00,-7.8125000E-03
-128.4000E-06,+891.6015625E-03,+3.0390625000E+00,-52.7343750E-03
-128.2000E-06,+890.6250000E-03,+3.0488281250E+00,-70.3125000E-03
-128.0000E-06,+907.2265625E-03,+3.0019531250E+00,-7.8125000E-03
-127.8000E-06,+905.2734375E-03,+2.9863281250E+00,-62.5000000E-03
-127.6000E-06,+894.5312500E-03,+2.9882812500E+00,-91.7968750E-03
-127.4000E-06,+900.3906250E-03,+2.9785156250E+00,-46.8750000E-03
-127.2000E-06,+905.2734375E-03,+2.9726562500E+00,-23.4375000E-03
-127.0000E-06,+904.2968750E-03,+2.9472656250E+00,-41.0156250E-03
-126.8000E-06,+902.3437500E-03,+2.9667968750E+00,-56.6406250E-03
-126.6000E-06,+905.2734375E-03,+2.9316406250E+00,-50.7812500E-03
-126.4000E-06,+913.0859375E-03,+2.9160156250E+00,-41.0156250E-03
-126.2000E-06,+912.1093750E-03,+2.8925781250E+00,-46.8750000E-03
-126.0000E-06,+917.9687500E-03,+2.8437500000E+00,-54.6875000E-03
-125.8000E-06,+914.0625000E-03,+2.8320312500E+00,-56.6406250E-03
-125.6000E-06,+918.9453125E-03,+2.8378906250E+00,-48.8281250E-03
-125.4000E-06,+922.8515625E-03,+2.8066406250E+00,-42.9687500E-03
-125.2000E-06,+917.9687500E-03,+2.8164062500E+00,-46.8750000E-03
-125.0000E-06,+919.9218750E-03,+2.8203125000E+00,-50.7812500E-03
-124.8000E-06,+922.8515625E-03,+2.7871093750E+00,-42.9687500E-03
-124.6000E-06,+926.7578125E-03,+2.7968750000E+00,-33.2031250E-03
-124.4000E-06,+931.6406250E-03,+2.7402343750E+00,-35.1562500E-03
-124.2000E-06,+931.6406250E-03,+2.7128906250E+00,-52.7343750E-03
-124.0000E-06,+935.5468750E-03,+2.7050781250E+00,-54.6875000E-03
-123.8000E-06,+939.4531250E-03,+2.6738281250E+00,-48.8281250E-03
-123.6000E-06,+943.3593750E-03,+2.6601562500E+00,-37.1093750E-03
-123.4000E-06,+941.4062500E-03,+2.6386718750E+00,-44.9218750E-03
-123.2000E-06,+942.3828125E-03,+2.6367187500E+00,-50.7812500E-03
-123.0000E-06,+948.2421875E-03,+2.6582031250E+00,-44.9218750E-03
-122.8000E-06,+948.2421875E-03,+2.6210937500E+00,-42.9687500E-03
-122.6000E-06,+952.1484375E-03,+2.6152343750E+00,-33.2031250E-03
-122.4000E-06,+959.9609375E-03,+2.5859375000E+00,-33.2031250E-03
-122.2000E-06,+958.9843750E-03,+2.5175781250E+00,-42.9687500E-03
-122.0000E-06,+959.9609375E-03,+2.5136718750E+00,-52.7343750E-03
-121.8000E-06,+958.0078125E-03,+2.4941406250E+00,-64.4531250E-03
-121.6000E-06,+958.9843750E-03,+2.4765625000E+00,-60.5468750E-03
-121.4000E-06,+963.8671875E-03,+2.5058593750E+00,-44.9218750E-03
-121.2000E-06,+964.8437500E-03,+2.4980468750E+00,-37.1093750E-03
-121.0000E-06,+961.9140625E-03,+2.4902343750E+00,-41.0156250E-03
-120.8000E-06,+963.8671875E-03,+2.4785156250E+00,-37.1093750E-03
-120.6000E-06,+968.7500000E-03,+2.4492187500E+00,-37.1093750E-03
-120.4000E-06,+971.6796875E-03,+2.4218750000E+00,-41.0156250E-03
-120.2000E-06,+976.5625000E-03,+2.3671875000E+00,-46.8750000E-03
-120.0000E-06,+976.5625000E-03,+2.3359375000E+00,-54.6875000E-03
-119.8000E-06,+978.5156250E-03,+2.3300781250E+00,-54.6875000E-03
-119.6000E-06,+978.5156250E-03,+2.3046875000E+00,-46.8750000E-03
-119.4000E-06,+980.4687500E-03,+2.3261718750E+00,-39.0625000E-03
-119.2000E-06,+980.4687500E-03,+2.3339843750E+00,-39.0625000E-03
-119.0000E-06,+981.4453125E-03,+2.3105468750E+00,-35.1562500E-03
-118.8000E-06,+986.3281250E-03,+2.3027343750E+00,-23.4375000E-03
-118.6000E-06,+994.1406250E-03,+2.2539062500E+00,-31.2500000E-03
-118.4000E-06,+997.0703125E-03,+2.1894531250E+00,-44.9218750E-03
-118.2000E-06,+995.1171875E-03,+2.1718750000E+00,-58.5937500E-03
-118.0000E-06,+997.0703125E-03,+2.1289062500E+00,-54.6875000E-03
-117.8000E-06,+1.0019531250E+00,+2.1132812500E+00,-46.8750000E-03
-117.6000E-06,+1.0029296875E+00,+2.1230468750E+00,-44.9218750E-03
-117.4000E-06,+996.0937500E-03,+2.1367187500E+00,-50.7812500E-03
-117.2000E-06,+1.0019531250E+00,+2.1562500000E+00,-33.2031250E-03
-117.0000E-06,+1.0058593750E+00,+2.1191406250E+00,-13.6718750E-03
-116.8000E-06,+1.0107421875E+00,+2.0820312500E+00,-25.3906250E-03
-116.6000E-06,+1.0068359375E+00,+2.0410156250E+00,-46.8750000E-03
-116.4000E-06,+1.0078125000E+00,+2.0000000000E+00,-62.5000000E-03
-116.2000E-06,+1.0136718750E+00,+1.9628906250E+00,-56.6406250E-03
-116.0000E-06,+1.0166015625E+00,+1.9335937500E+00,-48.8281250E-03
-115.8000E-06,+1.0146484375E+00,+1.9160156250E+00,-48.8281250E-03
-115.6000E-06,+1.0185546875E+00,+1.9277343750E+00,-41.0156250E-03
-115.4000E-06,+1.0175781250E+00,+1.9238281250E+00,-31.2500000E-03
-115.2000E-06,+1.0205078125E+00,+1.8984375000E+00,-35.1562500E-03
-115.0000E-06,+1.0195312500E+00,+1.8886718750E+00,-31.2500000E-03
-114.8000E-06,+1.0244140625E+00,+1.8457031250E+00,-46.8750000E-03
-114.6000E-06,+1.0283203125E+00,+1.8105468750E+00,-50.7812500E-03
-114.4000E-06,+1.0292968750E+00,+1.7539062500E+00,-54.6875000E-03
-114.2000E-06,+1.0312500000E+00,+1.7324218750E+00,-50.7812500E-03
-114.0000E-06,+1.0380859375E+00,+1.7011718750E+00,-46.8750000E-03
-113.8000E-06,+1.0380859375E+00,+1.6933593750E+00,-33.2031250E-03
-113.6000E-06,+1.0390625000E+00,+1.6835937500E+00,-31.2500000E-03
-113.4000E-06,+1.0429687500E+00,+1.6640625000E+00,-35.1562500E-03
-113.2000E-06,+1.0429687500E+00,+1.6406250000E+00,-39.0625000E-03
-113.0000E-06,+1.0419921875E+00,+1.6191406250E+00,-44.9218750E-03
-112.8000E-06,+1.0468750000E+00,+1.5742187500E+00,-44.9218750E-03
-112.6000E-06,+1.0458984375E+00,+1.5332031250E+00,-44.9218750E-03
-112.4000E-06,+1.0498046875E+00,+1.5019531250E+00,-46.8750000E-03
-112.2000E-06,+1.0527343750E+00,+1.4570312500E+00,-42.9687500E-03
-112.0000E-06,+1.0566406250E+00,+1.4296875000E+00,-39.0625000E-03
-111.8000E-06,+1.0576171875E+00,+1.4179687500E+00,-35.1562500E-03
-111.6000E-06,+1.0595703125E+00,+1.3867187500E+00,-35.1562500E-03
-111.4000E-06,+1.0595703125E+00,+1.3554687500E+00,-42.9687500E-03
-111.2000E-06,+1.0605468750E+00,+1.3359375000E+00,-37.1093750E-03
-111.0000E-06,+1.0625000000E+00,+1.3066406250E+00,-46.8750000E-03
-110.8000E-06,+1.0664062500E+00,+1.2636718750E+00,-42.9687500E-03
-110.6000E-06,+1.0625000000E+00,+1.2246093750E+00,+605.4687501E-03
-110.4000E-06,+1.0615234375E+00,+300.7812500E-03,+4.8593750000E+00
-110.2000E-06,+1.0673828125E+00,+267.5781250E-03,+5.3750000000E+00
-110.0000E-06,+1.0644531250E+00,+265.6250000E-03,+5.3613281250E+00
-109.8000E-06,+1.0615234375E+00,+263.6718750E-03,+5.3613281250E+00
-109.6000E-06,+1.0712890625E+00,+267.5781250E-03,+5.4023437500E+00
-109.4000E-06,+1.0722656250E+00,+265.6250000E-03,+5.3886718750E+00
-109.2000E-06,+1.0683593750E+00,+265.6250000E-03,+5.3457031250E+00
-109.0000E-06,+1.0673828125E+00,+259.7656250E-03,+5.3515625000E+00
-108.8000E-06,+1.0761718750E+00,+263.6718750E-03,+5.3945312500E+00
-108.6000E-06,+1.0781250000E+00,+265.6250000E-03,+5.3867187500E+00
-108.4000E-06,+1.0771484375E+00,+261.7187500E-03,+5.3574218750E+00
-108.2000E-06,+1.0839843750E+00,+255.8593750E-03,+5.3769531250E+00
-108.0000E-06,+1.0869140625E+00,+257.8125000E-03,+5.3906250000E+00
-107.8000E-06,+1.0859375000E+00,+267.5781250E-03,+5.3613281250E+00
-107.6000E-06,+1.0869140625E+00,+263.6718750E-03,+5.3593750000E+00
-107.4000E-06,+1.0888671875E+00,+255.8593750E-03,+5.3671875000E+00
-107.2000E-06,+1.0957031250E+00,+259.7656250E-03,+5.3671875000E+00
-107.0000E-06,+1.0957031250E+00,+257.8125000E-03,+5.3671875000E+00
-106.8000E-06,+1.0976562500E+00,+261.7187500E-03,+5.3652343750E+00
-106.6000E-06,+1.0986328125E+00,+257.8125000E-03,+5.3632812500E+00
-106.4000E-06,+1.0986328125E+00,+257.8125000E-03,+5.3574218750E+00
-106.2000E-06,+1.1025390625E+00,+259.7656250E-03,+5.3535156250E+00
-106.0000E-06,+1.1044921875E+00,+259.7656250E-03,+5.3535156250E+00
-105.8000E-06,+1.1054687500E+00,+257.8125000E-03,+5.3457031250E+00
-105.6000E-06,+1.1044921875E+00,+255.8593750E-03,+5.3535156250E+00
-105.4000E-06,+1.1074218750E+00,+251.9531250E-03,+5.3535156250E+00
-105.2000E-06,+1.1113281250E+00,+259.7656250E-03,+5.3574218750E+00
-105.0000E-06,+1.1123046875E+00,+255.8593750E-03,+5.3593750000E+00
-104.8000E-06,+1.1142578125E+00,+257.8125000E-03,+5.3535156250E+00
-104.6000E-06,+1.1171875000E+00,+253.9062500E-03,+5.3496093750E+00
-104.4000E-06,+1.1181640625E+00,+253.9062500E-03,+5.3437500000E+00
-104.2000E-06,+1.1201171875E+00,+257.8125000E-03,+5.3437500000E+00
-104.0000E-06,+1.1220703125E+00,+251.9531250E-03,+5.3378906250E+00
-103.8000E-06,+1.1250000000E+00,+248.0468750E-03,+5.3417968750E+00
-103.6000E-06,+1.1240234375E+00,+251.9531250E-03,+5.3476562500E+00
-103.4000E-06,+1.1289062500E+00,+255.8593750E-03,+5.3535156250E+00
-103.2000E-06,+1.1279296875E+00,+255.8593750E-03,+5.3496093750E+00
-103.0000E-06,+1.1337890625E+00,+253.9062500E-03,+5.3515625000E+00
-102.8000E-06,+1.1328125000E+00,+248.0468750E-03,+5.3437500000E+00
-102.6000E-06,+1.1347656250E+00,+248.0468750E-03,+5.3378906250E+00
-102.4000E-06,+1.1386718750E+00,+251.9531250E-03,+5.3242187500E+00
-102.2000E-06,+1.1396484375E+00,+250.0000000E-03,+5.3242187500E+00
-102.0000E-06,+1.1445312500E+00,+251.9531250E-03,+5.3359375000E+00
-101.8000E-06,+1.1445312500E+00,+250.0000000E-03,+5.3398437500E+00
-101.6000E-06,+1.1435546875E+00,+246.0937500E-03,+5.3417968750E+00
-101.4000E-06,+1.1425781250E+00,+250.0000000E-03,+5.3457031250E+00
-101.2000E-06,+1.1494140625E+00,+244.1406250E-03,+5.3378906250E+00
-101.0000E-06,+1.1523437500E+00,+246.0937500E-03,+5.3300781250E+00
-100.8000E-06,+1.1533203125E+00,+248.0468750E-03,+5.3242187500E+00
-100.6000E-06,+1.1542968750E+00,+246.0937500E-03,+5.3203125000E+00
-100.4000E-06,+1.1552734375E+00,+246.0937500E-03,+5.3183593750E+00
-100.2000E-06,+1.1572265625E+00,+248.0468750E-03,+5.3203125000E+00
-100.0000E-06,+1.1582031250E+00,+242.1875000E-03,+5.3261718750E+00
-99.8000E-06,+1.1611328125E+00,+248.0468750E-03,+5.3339843750E+00
-99.6000E-06,+1.1650390625E+00,+244.1406250E-03,+5.3281250000E+00
-99.4000E-06,+1.1669921875E+00,+246.0937500E-03,+5.3300781250E+00
-99.2000E-06,+1.1679687500E+00,+242.1875000E-03,+5.3222656250E+00
-99.0000E-06,+1.1708984375E+00,+244.1406250E-03,+5.3183593750E+00
-98.8000E-06,+1.1738281250E+00,+248.0468750E-03,+5.3125000000E+00
-98.6000E-06,+1.1718750000E+00,+242.1875000E-03,+5.3144531250E+00
-98.4000E-06,+1.1757812500E+00,+244.1406250E-03,+5.3164062500E+00
-98.2000E-06,+1.1777343750E+00,+240.2343750E-03,+5.3164062500E+00
-98.0000E-06,+1.1806640625E+00,+242.1875000E-03,+5.3242187500E+00
-97.8000E-06,+1.1796875000E+00,+246.0937500E-03,+5.3183593750E+00
-97.6000E-06,+1.1855468750E+00,+242.1875000E-03,+5.3203125000E+00
-97.4000E-06,+1.1865234375E+00,+238.2812500E-03,+5.3144531250E+00
-97.2000E-06,+1.1835937500E+00,+240.2343750E-03,+5.3046875000E+00
-97.0000E-06,+1.1865234375E+00,+236.3281250E-03,+5.3027343750E+00
-96.8000E-06,+1.1855468750E+00,+244.1406250E-03,+5.3085937500E+00
-96.6000E-06,+1.1875000000E+00,+238.2812500E-03,+5.3105468750E+00
-96.4000E-06,+1.1914062500E+00,+236.3281250E-03,+5.3125000000E+00
-96.2000E-06,+1.1923828125E+00,+238.2812500E-03,+5.3066406250E+00
-96.0000E-06,+1.1943359375E+00,+242.1875000E-03,+5.3105468750E+00
-95.8000E-06,+1.1953125000E+00,+240.2343750E-03,+5.2988281250E+00
-95.6000E-06,+1.1972656250E+00,+234.3750000E-03,+5.2949218750E+00
-95.4000E-06,+1.2031250000E+00,+236.3281250E-03,+5.3105468750E+00
-95.2000E-06,+1.2060546875E+00,+238.2812500E-03,+5.3125000000E+00
-95.0000E-06,+1.2060546875E+00,+240.2343750E-03,+5.2851562500E+00
-94.8000E-06,+1.2080078125E+00,+236.3281250E-03,+5.2929687500E+00
-94.6000E-06,+1.2119140625E+00,+238.2812500E-03,+5.3105468750E+00
-94.4000E-06,+1.2158203125E+00,+232.4218750E-03,+5.3085937500E+00
-94.2000E-06,+1.2158203125E+00,+240.2343750E-03,+5.2968750000E+00
-94.0000E-06,+1.2187500000E+00,+242.1875000E-03,+5.2910156250E+00
-93.8000E-06,+1.2187500000E+00,+238.2812500E-03,+5.2929687500E+00
-93.6000E-06,+1.2197265625E+00,+236.3281250E-03,+5.2968750000E+00
-93.4000E-06,+1.2255859375E+00,+234.3750000E-03,+5.2988281250E+00
-93.2000E-06,+1.2226562500E+00,+242.1875000E-03,+5.3007812500E+00
-93.0000E-06,+1.2255859375E+00,+238.2812500E-03,+5.2910156250E+00
-92.8000E-06,+1.2285156250E+00,+232.4218750E-03,+5.2929687500E+00
-92.6000E-06,+1.2343750000E+00,+236.3281250E-03,+5.2968750000E+00
-92.4000E-06,+1.2353515625E+00,+236.3281250E-03,+5.2910156250E+00
-92.2000E-06,+1.2343750000E+00,+234.3750000E-03,+5.2832031250E+00
-92.0000E-06,+1.2353515625E+00,+234.3750000E-03,+5.2851562500E+00
-91.8000E-06,+1.2363281250E+00,+228.5156250E-03,+5.2832031250E+00
-91.6000E-06,+1.2412109375E+00,+232.4218750E-03,+5.2871093750E+00
-91.4000E-06,+1.2412109375E+00,+234.3750000E-03,+5.2871093750E+00
-91.2000E-06,+1.2451171875E+00,+236.3281250E-03,+5.2871093750E+00
-91.0000E-06,+1.2460937500E+00,+232.4218750E-03,+5.2851562500E+00
-90.8000E-06,+1.2490234375E+00,+232.4218750E-03,+5.2871093750E+00
-90.6000E-06,+1.2539062500E+00,+232.4218750E-03,+5.2792968750E+00
-90.4000E-06,+1.2519531250E+00,+234.3750000E-03,+5.2753906250E+00
-90.2000E-06,+1.2529296875E+00,+234.3750000E-03,+5.2773437500E+00
-90.0000E-06,+1.2578125000E+00,+230.4687500E-03,+5.2714843750E+00
-89.8000E-06,+1.2626953125E+00,+228.5156250E-03,+5.2792968750E+00
-89.6000E-06,+1.2646484375E+00,+234.3750000E-03,+5.2832031250E+00
-89.4000E-06,+1.2666015625E+00,+236.3281250E-03,+5.2812500000E+00
-89.2000E-06,+1.2675781250E+00,+232.4218750E-03,+5.2773437500E+00
-89.0000E-06,+1.2705078125E+00,+230.4687500E-03,+5.2734375000E+00
-88.8000E-06,+1.2705078125E+00,+234.3750000E-03,+5.2773437500E+00
-88.6000E-06,+1.2714843750E+00,+232.4218750E-03,+5.2734375000E+00
-88.4000E-06,+1.2744140625E+00,+234.3750000E-03,+5.2656250000E+00
-88.2000E-06,+1.2802734375E+00,+230.4687500E-03,+5.2773437500E+00
-88.0000E-06,+1.2773437500E+00,+228.5156250E-03,+5.2597656250E+00
-87.8000E-06,+1.2792968750E+00,+226.5625000E-03,+5.2578125000E+00
-87.6000E-06,+1.2792968750E+00,+230.4687500E-03,+5.2832031250E+00
-87.4000E-06,+1.2880859375E+00,+228.5156250E-03,+5.2871093750E+00
-87.2000E-06,+1.2832031250E+00,+226.5625000E-03,+5.2402343750E+00
-87.0000E-06,+1.2851562500E+00,+226.5625000E-03,+5.2597656250E+00
-86.8000E-06,+1.2949218750E+00,+224.6093750E-03,+5.2871093750E+00
-86.6000E-06,+1.2939453125E+00,+232.4218750E-03,+5.2910156250E+00
-86.4000E-06,+1.2949218750E+00,+224.6093750E-03,+5.2519531250E+00
-86.2000E-06,+1.2968750000E+00,+224.6093750E-03,+5.2460937500E+00
-86.0000E-06,+1.2998046875E+00,+228.5156250E-03,+5.2753906250E+00
-85.8000E-06,+1.3017578125E+00,+224.6093750E-03,+5.2753906250E+00
-85.6000E-06,+1.3037109375E+00,+228.5156250E-03,+5.2578125000E+00
-85.4000E-06,+1.3066406250E+00,+228.5156250E-03,+5.2519531250E+00
-85.2000E-06,+1.3076171875E+00,+224.6093750E-03,+5.2617187500E+00
-85.0000E-06,+1.3095703125E+00,+224.6093750E-03,+5.2578125000E+00
-84.8000E-06,+1.3105468750E+00,+228.5156250E-03,+5.2617187500E+00
-84.6000E-06,+1.3115234375E+00,+228.5156250E-03,+5.2539062500E+00
-84.4000E-06,+1.3134765625E+00,+224.6093750E-03,+5.2519531250E+00
-84.2000E-06,+1.3183593750E+00,+222.6562500E-03,+5.2656250000E+00
-84.0000E-06,+1.3173828125E+00,+222.6562500E-03,+5.2617187500E+00
-83.8000E-06,+1.3183593750E+00,+226.5625000E-03,+5.2500000000E+00
-83.6000E-06,+1.3173828125E+00,+222.6562500E-03,+5.2285156250E+00
-83.4000E-06,+1.3193359375E+00,+222.6562500E-03,+5.2460937500E+00
-83.2000E-06,+1.3251953125E+00,+222.6562500E-03,+5.2675781250E+00
-83.0000E-06,+1.3242187500E+00,+224.6093750E-03,+5.2519531250E+00
-82.8000E-06,+1.3251953125E+00,+224.6093750E-03,+5.2402343750E+00
-82.6000E-06,+1.3291015625E+00,+222.6562500E-03,+5.2597656250E+00
-82.4000E-06,+1.3300781250E+00,+220.7031250E-03,+5.2714843750E+00
-82.2000E-06,+1.3330078125E+00,+214.8437500E-03,+5.2460937500E+00
-82.0000E-06,+1.3330078125E+00,+224.6093750E-03,+5.2343750000E+00
-81.8000E-06,+1.3330078125E+00,+226.5625000E-03,+5.2343750000E+00
-81.6000E-06,+1.3378906250E+00,+220.7031250E-03,+5.2441406250E+00
-81.4000E-06,+1.3408203125E+00,+218.7500000E-03,+5.2441406250E+00
-81.2000E-06,+1.3417968750E+00,+218.7500000E-03,+5.2578125000E+00
-81.0000E-06,+1.3447265625E+00,+220.7031250E-03,+5.2539062500E+00
-80.8000E-06,+1.3466796875E+00,+224.6093750E-03,+5.2246093750E+00
-80.6000E-06,+1.3457031250E+00,+220.7031250E-03,+5.2304687500E+00
-80.4000E-06,+1.3535156250E+00,+220.7031250E-03,+5.2617187500E+00
-80.2000E-06,+1.3574218750E+00,+226.5625000E-03,+5.2500000000E+00
-80.0000E-06,+1.3525390625E+00,+222.6562500E-03,+5.2148437500E+00
-79.8000E-06,+1.3535156250E+00,+218.7500000E-03,+5.2187500000E+00
-79.6000E-06,+1.3593750000E+00,+220.7031250E-03,+5.2402343750E+00
-79.4000E-06,+1.3623046875E+00,+220.7031250E-03,+5.2382812500E+00
-79.2000E-06,+1.3623046875E+00,+216.7968750E-03,+5.2421875000E+00
-79.0000E-06,+1.3642578125E+00,+220.7031250E-03,+5.2421875000E+00
-78.8000E-06,+1.3642578125E+00,+220.7031250E-03,+5.2382812500E+00
-78.6000E-06,+1.3662109375E+00,+218.7500000E-03,+5.2324218750E+00
-78.4000E-06,+1.3701171875E+00,+214.8437500E-03,+5.2285156250E+00
-78.2000E-06,+1.3701171875E+00,+216.7968750E-03,+5.2226562500E+00
-78.0000E-06,+1.3730468750E+00,+216.7968750E-03,+5.2226562500E+00
-77.8000E-06,+1.3740234375E+00,+224.6093750E-03,+5.2285156250E+00
-77.6000E-06,+1.3779296875E+00,+218.7500000E-03,+5.2343750000E+00
-77.4000E-06,+1.3769531250E+00,+212.8906250E-03,+5.2343750000E+00
-77.2000E-06,+1.3808593750E+00,+216.7968750E-03,+5.2343750000E+00
-77.0000E-06,+1.3798828125E+00,+216.7968750E-03,+5.2207031250E+00
-76.8000E-06,+1.3798828125E+00,+216.7968750E-03,+5.2148437500E+00
-76.6000E-06,+1.3876953125E+00,+216.7968750E-03,+5.2441406250E+00
-76.4000E-06,+1.3886718750E+00,+214.8437500E-03,+5.2343750000E+00
-76.2000E-06,+1.3896484375E+00,+218.7500000E-03,+5.2089843750E+00
-76.0000E-06,+1.3857421875E+00,+216.7968750E-03,+5.1992187500E+00
-75.8000E-06,+1.3974609375E+00,+220.7031250E-03,+5.2421875000E+00
-75.6000E-06,+1.4033203125E+00,+214.8437500E-03,+5.2597656250E+00
-75.4000E-06,+1.3994140625E+00,+218.7500000E-03,+5.2226562500E+00
-75.2000E-06,+1.4003906250E+00,+214.8437500E-03,+5.1992187500E+00
-75.0000E-06,+1.4023437500E+00,+216.7968750E-03,+5.2148437500E+00
-74.8000E-06,+1.4082031250E+00,+220.7031250E-03,+5.2324218750E+00
-74.6000E-06,+1.4082031250E+00,+212.8906250E-03,+5.2285156250E+00
-74.4000E-06,+1.4091796875E+00,+216.7968750E-03,+5.2167968750E+00
-74.2000E-06,+1.4121093750E+00,+214.8437500E-03,+5.2167968750E+00
-74.0000E-06,+1.4140625000E+00,+212.8906250E-03,+5.2265625000E+00
-73.8000E-06,+1.4169921875E+00,+220.7031250E-03,+5.2226562500E+00
-73.6000E-06,+1.4199218750E+00,+210.9375000E-03,+5.2089843750E+00
-73.4000E-06,+1.4179687500E+00,+210.9375000E-03,+5.2089843750E+00
-73.2000E-06,+1.4208984375E+00,+214.8437500E-03,+5.2109375000E+00
-73.0000E-06,+1.4248046875E+00,+216.7968750E-03,+5.2109375000E+00
-72.8000E-06,+1.4228515625E+00,+210.9375000E-03,+5.2187500000E+00
-72.6000E-06,+1.4257812500E+00,+210.9375000E-03,+5.2148437500E+00
-72.4000E-06,+1.4287109375E+00,+210.9375000E-03,+5.2207031250E+00
-72.2000E-06,+1.4316406250E+00,+214.8437500E-03,+5.2187500000E+00
-72.0000E-06,+1.4345703125E+00,+212.8906250E-03,+5.2128906250E+00
-71.8000E-06,+1.4345703125E+00,+208.9843750E-03,+5.2070312500E+00
-71.6000E-06,+1.4394531250E+00,+207.0312500E-03,+5.2011718750E+00
-71.4000E-06,+1.4404296875E+00,+210.9375000E-03,+5.2011718750E+00
-71.2000E-06,+1.4384765625E+00,+214.8437500E-03,+5.2070312500E+00
-71.0000E-06,+1.4443359375E+00,+212.8906250E-03,+5.2109375000E+00
-70.8000E-06,+1.4462890625E+00,+210.9375000E-03,+5.2167968750E+00
-70.6000E-06,+1.4501953125E+00,+207.0312500E-03,+5.2128906250E+00
-70.4000E-06,+1.4521484375E+00,+208.9843750E-03,+5.2089843750E+00
-70.2000E-06,+1.4550781250E+00,+218.7500000E-03,+5.2031250000E+00
-70.0000E-06,+1.4570312500E+00,+212.8906250E-03,+5.2011718750E+00
-69.8000E-06,+1.4570312500E+00,+212.8906250E-03,+5.1972656250E+00
-69.6000E-06,+1.4589843750E+00,+208.9843750E-03,+5.1953125000E+00
-69.4000E-06,+1.4589843750E+00,+208.9843750E-03,+5.2031250000E+00
-69.2000E-06,+1.4638671875E+00,+214.8437500E-03,+5.2089843750E+00
-69.0000E-06,+1.4667968750E+00,+210.9375000E-03,+5.2089843750E+00
-68.8000E-06,+1.4658203125E+00,+208.9843750E-03,+5.1992187500E+00
-68.6000E-06,+1.4667968750E+00,+207.0312500E-03,+5.1972656250E+00
-68.4000E-06,+1.4716796875E+00,+207.0312500E-03,+5.1972656250E+00
-68.2000E-06,+1.4697265625E+00,+208.9843750E-03,+5.1953125000E+00
-68.0000E-06,+1.4726562500E+00,+212.8906250E-03,+5.1972656250E+00
-67.8000E-06,+1.4775390625E+00,+207.0312500E-03,+5.1933593750E+00
-67.6000E-06,+1.4794921875E+00,+203.1250000E-03,+5.1972656250E+00
-67.4000E-06,+1.4814453125E+00,+208.9843750E-03,+5.2050781250E+00
-67.2000E-06,+1.4833984375E+00,+205.0781250E-03,+5.2070312500E+00
-67.0000E-06,+1.4873046875E+00,+208.9843750E-03,+5.1914062500E+00
-66.8000E-06,+1.4892578125E+00,+207.0312500E-03,+5.1835937500E+00
-66.6000E-06,+1.4882812500E+00,+203.1250000E-03,+5.1796875000E+00
-66.4000E-06,+1.4921875000E+00,+203.1250000E-03,+5.1953125000E+00
-66.2000E-06,+1.4941406250E+00,+208.9843750E-03,+5.2167968750E+00
-66.0000E-06,+1.4990234375E+00,+212.8906250E-03,+5.2031250000E+00
-65.8000E-06,+1.4960937500E+00,+207.0312500E-03,+5.1757812500E+00
-65.6000E-06,+1.5000000000E+00,+201.1718750E-03,+5.1933593750E+00
-65.4000E-06,+1.5068359375E+00,+205.0781250E-03,+5.2128906250E+00
-65.2000E-06,+1.5029296875E+00,+208.9843750E-03,+5.1796875000E+00
-65.0000E-06,+1.5029296875E+00,+203.1250000E-03,+5.1542968750E+00
-64.8000E-06,+1.5068359375E+00,+207.0312500E-03,+5.1914062500E+00
-64.6000E-06,+1.5107421875E+00,+205.0781250E-03,+5.2070312500E+00
-64.4000E-06,+1.5107421875E+00,+199.2187500E-03,+5.1796875000E+00
-64.2000E-06,+1.5117187500E+00,+208.9843750E-03,+5.1757812500E+00
-64.0000E-06,+1.5156250000E+00,+203.1250000E-03,+5.2011718750E+00
-63.8000E-06,+1.5166015625E+00,+205.0781250E-03,+5.1972656250E+00
-63.6000E-06,+1.5175781250E+00,+201.1718750E-03,+5.1738281250E+00
-63.4000E-06,+1.5205078125E+00,+201.1718750E-03,+5.1777343750E+00
-63.2000E-06,+1.5185546875E+00,+207.0312500E-03,+5.1816406250E+00
-63.0000E-06,+1.5214843750E+00,+201.1718750E-03,+5.1757812500E+00
-62.8000E-06,+1.5234375000E+00,+203.1250000E-03,+5.1757812500E+00
-62.6000E-06,+1.5253906250E+00,+199.2187500E-03,+5.1855468750E+00
-62.4000E-06,+1.5253906250E+00,+201.1718750E-03,+5.1835937500E+00
-62.2000E-06,+1.5302734375E+00,+201.1718750E-03,+5.1875000000E+00
-62.0000E-06,+1.5312500000E+00,+203.1250000E-03,+5.1855468750E+00
-61.8000E-06,+1.5332031250E+00,+199.2187500E-03,+5.1757812500E+00
-61.6000E-06,+1.5351562500E+00,+197.2656250E-03,+5.1738281250E+00
-61.4000E-06,+1.5400390625E+00,+205.0781250E-03,+5.1914062500E+00
-61.2000E-06,+1.5263671875E+00,+193.3593750E-03,+5.0625000000E+00
-61.0000E-06,+1.5458984375E+00,+205.0781250E-03,+5.2500000000E+00
-60.8000E-06,+1.5537109375E+00,+207.0312500E-03,+5.2617187500E+00
-60.6000E-06,+1.5498046875E+00,+197.2656250E-03,+5.1679687500E+00
-60.4000E-06,+1.5449218750E+00,+197.2656250E-03,+5.1269531250E+00
-60.2000E-06,+1.5605468750E+00,+205.0781250E-03,+5.2695312500E+00
-60.0000E-06,+1.5566406250E+00,+207.0312500E-03,+5.1250000000E+00
-59.8000E-06,+1.5458984375E+00,+201.1718750E-03,+5.0839843750E+00
-59.6000E-06,+1.5527343750E+00,+197.2656250E-03,+5.1757812500E+00
-59.4000E-06,+1.5576171875E+00,+195.3125000E-03,+5.2207031250E+00
-59.2000E-06,+1.5576171875E+00,+197.2656250E-03,+5.1796875000E+00
-59.0000E-06,+1.5556640625E+00,+203.1250000E-03,+5.1523437500E+00
-58.8000E-06,+1.5576171875E+00,+197.2656250E-03,+5.1660156250E+00
-58.6000E-06,+1.5615234375E+00,+199.2187500E-03,+5.1835937500E+00
-58.4000E-06,+1.5644531250E+00,+197.2656250E-03,+5.1699218750E+00
-58.2000E-06,+1.5673828125E+00,+199.2187500E-03,+5.1582031250E+00
-58.0000E-06,+1.5712890625E+00,+201.1718750E-03,+5.1562500000E+00
-57.8000E-06,+1.5751953125E+00,+201.1718750E-03,+5.1679687500E+00
-57.6000E-06,+1.5771484375E+00,+197.2656250E-03,+5.1796875000E+00
-57.4000E-06,+1.5771484375E+00,+197.2656250E-03,+5.1699218750E+00
-57.2000E-06,+1.5800781250E+00,+197.2656250E-03,+5.1699218750E+00
-57.0000E-06,+1.5820312500E+00,+197.2656250E-03,+5.1718750000E+00
-56.8000E-06,+1.5869140625E+00,+203.1250000E-03,+5.1777343750E+00
-56.6000E-06,+1.5888671875E+00,+197.2656250E-03,+5.1718750000E+00
-56.4000E-06,+1.5908203125E+00,+197.2656250E-03,+5.1640625000E+00
-56.2000E-06,+1.5908203125E+00,+199.2187500E-03,+5.1562500000E+00
-56.0000E-06,+1.5947265625E+00,+197.2656250E-03,+5.1484375000E+00
-55.8000E-06,+1.6005859375E+00,+197.2656250E-03,+5.1699218750E+00
-55.6000E-06,+1.6035156250E+00,+195.3125000E-03,+5.1679687500E+00
-55.4000E-06,+1.6005859375E+00,+191.4062500E-03,+5.1621093750E+00
-55.2000E-06,+1.5996093750E+00,+195.3125000E-03,+5.1523437500E+00
-55.0000E-06,+1.6025390625E+00,+201.1718750E-03,+5.1660156250E+00
-54.8000E-06,+1.6064453125E+00,+203.1250000E-03,+5.1796875000E+00
-54.6000E-06,+1.6113281250E+00,+197.2656250E-03,+5.1816406250E+00
-54.4000E-06,+1.6103515625E+00,+197.2656250E-03,+5.1679687500E+00
-54.2000E-06,+1.6152343750E+00,+197.2656250E-03,+5.1503906250E+00
-54.0000E-06,+1.6162109375E+00,+195.3125000E-03,+5.1289062500E+00
-53.8000E-06,+1.6132812500E+00,+197.2656250E-03,+5.1347656250E+00
-53.6000E-06,+1.6171875000E+00,+197.2656250E-03,+5.1503906250E+00
-53.4000E-06,+1.6191406250E+00,+195.3125000E-03,+5.1660156250E+00
-53.2000E-06,+1.6181640625E+00,+193.3593750E-03,+5.1582031250E+00
-53.0000E-06,+1.6230468750E+00,+191.4062500E-03,+5.1679687500E+00
-52.8000E-06,+1.6250000000E+00,+195.3125000E-03,+5.1757812500E+00
-52.6000E-06,+1.6279296875E+00,+199.2187500E-03,+5.1718750000E+00
-52.4000E-06,+1.6298828125E+00,+197.2656250E-03,+5.1503906250E+00
-52.2000E-06,+1.6347656250E+00,+193.3593750E-03,+5.1347656250E+00
-52.0000E-06,+1.6396484375E+00,+195.3125000E-03,+5.1367187500E+00
-51.8000E-06,+1.6386718750E+00,+195.3125000E-03,+5.1308593750E+00
-51.6000E-06,+1.6347656250E+00,+197.2656250E-03,+5.1230468750E+00
-51.4000E-06,+1.6367187500E+00,+201.1718750E-03,+5.1523437500E+00
-51.2000E-06,+1.6445312500E+00,+195.3125000E-03,+5.1914062500E+00
-51.0000E-06,+1.6464843750E+00,+191.4062500E-03,+5.1894531250E+00
-50.8000E-06,+1.6474609375E+00,+193.3593750E-03,+5.1660156250E+00
-50.6000E-06,+1.6513671875E+00,+195.3125000E-03,+5.1562500000E+00
-50.4000E-06,+1.6533203125E+00,+195.3125000E-03,+5.1328125000E+00
-50.2000E-06,+1.6552734375E+00,+193.3593750E-03,+5.1132812500E+00
-50.0000E-06,+1.6562500000E+00,+191.4062500E-03,+5.1171875000E+00
-49.8000E-06,+1.6552734375E+00,+195.3125000E-03,+5.1386718750E+00
-49.6000E-06,+1.6562500000E+00,+197.2656250E-03,+5.1542968750E+00
-49.4000E-06,+1.6601562500E+00,+195.3125000E-03,+5.1718750000E+00
-49.2000E-06,+1.6611328125E+00,+191.4062500E-03,+5.1835937500E+00
-49.0000E-06,+1.6650390625E+00,+187.5000000E-03,+5.1699218750E+00
-48.8000E-06,+1.6650390625E+00,+195.3125000E-03,+5.1464843750E+00
-48.6000E-06,+1.6699218750E+00,+193.3593750E-03,+5.1269531250E+00
-48.4000E-06,+1.6689453125E+00,+191.4062500E-03,+5.1113281250E+00
-48.2000E-06,+1.6728515625E+00,+191.4062500E-03,+5.1152343750E+00
-48.0000E-06,+1.6748046875E+00,+193.3593750E-03,+5.1250000000E+00
-47.8000E-06,+1.6777343750E+00,+189.4531250E-03,+5.1503906250E+00
-47.6000E-06,+1.6787109375E+00,+193.3593750E-03,+5.1679687500E+00
-47.4000E-06,+1.6826171875E+00,+195.3125000E-03,+5.1699218750E+00
-47.2000E-06,+1.6845703125E+00,+193.3593750E-03,+5.1562500000E+00
-47.0000E-06,+1.6835937500E+00,+193.3593750E-03,+5.1406250000E+00
-46.8000E-06,+1.6875000000E+00,+193.3593750E-03,+5.1230468750E+00
-46.6000E-06,+1.6865234375E+00,+191.4062500E-03,+5.1210937500E+00
-46.4000E-06,+1.6894531250E+00,+193.3593750E-03,+5.1250000000E+00
-46.2000E-06,+1.6972656250E+00,+191.4062500E-03,+5.1230468750E+00
-46.0000E-06,+1.6972656250E+00,+189.4531250E-03,+5.1445312500E+00
-45.8000E-06,+1.6992187500E+00,+189.4531250E-03,+5.1484375000E+00
-45.6000E-06,+1.7001953125E+00,+189.4531250E-03,+5.1562500000E+00
-45.4000E-06,+1.7001953125E+00,+193.3593750E-03,+5.1542968750E+00
-45.2000E-06,+1.7011718750E+00,+189.4531250E-03,+5.1347656250E+00
-45.0000E-06,+1.7041015625E+00,+189.4531250E-03,+5.1210937500E+00
-44.8000E-06,+1.7031250000E+00,+185.5468750E-03,+5.1230468750E+00
-44.6000E-06,+1.7070312500E+00,+187.5000000E-03,+5.1328125000E+00
-44.4000E-06,+1.7070312500E+00,+193.3593750E-03,+5.1289062500E+00
-44.2000E-06,+1.7138671875E+00,+189.4531250E-03,+5.1347656250E+00
-44.0000E-06,+1.7177734375E+00,+187.5000000E-03,+5.1406250000E+00
-43.8000E-06,+1.7177734375E+00,+185.5468750E-03,+5.1445312500E+00
-43.6000E-06,+1.7187500000E+00,+185.5468750E-03,+5.1367187500E+00
-43.4000E-06,+1.7226562500E+00,+189.4531250E-03,+5.1250000000E+00
-43.2000E-06,+1.7207031250E+00,+195.3125000E-03,+5.1210937500E+00
-43.0000E-06,+1.7246093750E+00,+191.4062500E-03,+5.1250000000E+00
-42.8000E-06,+1.7265625000E+00,+183.5937500E-03,+5.1269531250E+00
-42.6000E-06,+1.7285156250E+00,+185.5468750E-03,+5.1308593750E+00
-42.4000E-06,+1.7333984375E+00,+189.4531250E-03,+5.1347656250E+00
-42.2000E-06,+1.7343750000E+00,+189.4531250E-03,+5.1367187500E+00
-42.0000E-06,+1.7373046875E+00,+189.4531250E-03,+5.1367187500E+00
-41.8000E-06,+1.7373046875E+00,+189.4531250E-03,+5.1250000000E+00
-41.6000E-06,+1.7402343750E+00,+187.5000000E-03,+5.1152343750E+00
-41.4000E-06,+1.7402343750E+00,+187.5000000E-03,+5.1210937500E+00
-41.2000E-06,+1.7421875000E+00,+189.4531250E-03,+5.1269531250E+00
-41.0000E-06,+1.7451171875E+00,+187.5000000E-03,+5.1269531250E+00
-40.8000E-06,+1.7470703125E+00,+189.4531250E-03,+5.1347656250E+00
-40.6000E-06,+1.7490234375E+00,+185.5468750E-03,+5.1386718750E+00
-40.4000E-06,+1.7519531250E+00,+185.5468750E-03,+5.1347656250E+00
-40.2000E-06,+1.7519531250E+00,+189.4531250E-03,+5.1289062500E+00
-40.0000E-06,+1.7529296875E+00,+187.5000000E-03,+5.1191406250E+00
-39.8000E-06,+1.7568359375E+00,+187.5000000E-03,+5.1132812500E+00
-39.6000E-06,+1.7587890625E+00,+185.5468750E-03,+5.1171875000E+00
-39.4000E-06,+1.7617187500E+00,+187.5000000E-03,+5.1210937500E+00
-39.2000E-06,+1.7636718750E+00,+183.5937500E-03,+5.1308593750E+00
-39.0000E-06,+1.7646484375E+00,+185.5468750E-03,+5.1328125000E+00
-38.8000E-06,+1.7636718750E+00,+189.4531250E-03,+5.1289062500E+00
-38.6000E-06,+1.7724609375E+00,+183.5937500E-03,+5.1250000000E+00
-38.4000E-06,+1.7744140625E+00,+183.5937500E-03,+5.1152343750E+00
-38.2000E-06,+1.7734375000E+00,+181.6406250E-03,+5.1132812500E+00
-38.0000E-06,+1.7763671875E+00,+187.5000000E-03,+5.1113281250E+00
-37.8000E-06,+1.7802734375E+00,+193.3593750E-03,+5.1113281250E+00
-37.6000E-06,+1.7832031250E+00,+187.5000000E-03,+5.1210937500E+00
-37.4000E-06,+1.7792968750E+00,+187.5000000E-03,+5.1113281250E+00
-37.2000E-06,+1.7861328125E+00,+183.5937500E-03,+5.1308593750E+00
-37.0000E-06,+1.7929687500E+00,+187.5000000E-03,+5.1621093750E+00
-36.8000E-06,+1.7919921875E+00,+187.5000000E-03,+5.1210937500E+00
-36.6000E-06,+1.7919921875E+00,+189.4531250E-03,+5.0957031250E+00
-36.4000E-06,+1.7949218750E+00,+187.5000000E-03,+5.1113281250E+00
-36.2000E-06,+1.7988281250E+00,+185.5468750E-03,+5.1171875000E+00
-36.0000E-06,+1.8027343750E+00,+185.5468750E-03,+5.1132812500E+00
-35.8000E-06,+1.8007812500E+00,+181.6406250E-03,+5.1191406250E+00
-35.6000E-06,+1.8017578125E+00,+189.4531250E-03,+5.1171875000E+00
-35.4000E-06,+1.8027343750E+00,+185.5468750E-03,+5.1113281250E+00
-35.2000E-06,+1.8037109375E+00,+183.5937500E-03,+5.1210937500E+00
-35.0000E-06,+1.8076171875E+00,+183.5937500E-03,+5.1269531250E+00
-34.8000E-06,+1.8085937500E+00,+183.5937500E-03,+5.1093750000E+00
-34.6000E-06,+1.8066406250E+00,+181.6406250E-03,+5.0820312500E+00
-34.4000E-06,+1.8085937500E+00,+187.5000000E-03,+5.1093750000E+00
-34.2000E-06,+1.8164062500E+00,+187.5000000E-03,+5.1406250000E+00
-34.0000E-06,+1.8203125000E+00,+183.5937500E-03,+5.1074218750E+00
-33.8000E-06,+1.8173828125E+00,+181.6406250E-03,+5.0976562500E+00
-33.6000E-06,+1.8212890625E+00,+185.5468750E-03,+5.1113281250E+00
-33.4000E-06,+1.8222656250E+00,+185.5468750E-03,+5.1210937500E+00
-33.2000E-06,+1.8271484375E+00,+189.4531250E-03,+5.1230468750E+00
-33.0000E-06,+1.8281250000E+00,+179.6875000E-03,+5.1074218750E+00
-32.8000E-06,+1.8291015625E+00,+181.6406250E-03,+5.0957031250E+00
-32.6000E-06,+1.8330078125E+00,+177.7343750E-03,+5.1054687500E+00
-32.4000E-06,+1.8310546875E+00,+185.5468750E-03,+5.1171875000E+00
-32.2000E-06,+1.8349609375E+00,+189.4531250E-03,+5.1074218750E+00
-32.0000E-06,+1.8349609375E+00,+183.5937500E-03,+5.1074218750E+00
-31.8000E-06,+1.8369140625E+00,+185.5468750E-03,+5.1074218750E+00
-31.6000E-06,+1.8378906250E+00,+179.6875000E-03,+5.1132812500E+00
-31.4000E-06,+1.8437500000E+00,+183.5937500E-03,+5.1054687500E+00
-31.2000E-06,+1.8427734375E+00,+183.5937500E-03,+5.1054687500E+00
-31.0000E-06,+1.8427734375E+00,+183.5937500E-03,+5.0996093750E+00
-30.8000E-06,+1.8447265625E+00,+183.5937500E-03,+5.1015625000E+00
-30.6000E-06,+1.8476562500E+00,+179.6875000E-03,+5.1015625000E+00
-30.4000E-06,+1.8505859375E+00,+175.7812500E-03,+5.1054687500E+00
-30.2000E-06,+1.8496093750E+00,+177.7343750E-03,+5.1074218750E+00
-30.0000E-06,+1.8515625000E+00,+183.5937500E-03,+5.0996093750E+00
-29.8000E-06,+1.8525390625E+00,+185.5468750E-03,+5.0976562500E+00
-29.6000E-06,+1.8574218750E+00,+181.6406250E-03,+5.1113281250E+00
-29.4000E-06,+1.8603515625E+00,+175.7812500E-03,+5.1074218750E+00
-29.2000E-06,+1.8613281250E+00,+179.6875000E-03,+5.0937500000E+00
-29.0000E-06,+1.8613281250E+00,+181.6406250E-03,+5.0878906250E+00
-28.8000E-06,+1.8623046875E+00,+179.6875000E-03,+5.1015625000E+00
-28.6000E-06,+1.8681640625E+00,+181.6406250E-03,+5.1132812500E+00
-28.4000E-06,+1.8681640625E+00,+183.5937500E-03,+5.1074218750E+00
-28.2000E-06,+1.8710937500E+00,+179.6875000E-03,+5.1035156250E+00
-28.0000E-06,+1.8730468750E+00,+179.6875000E-03,+5.0996093750E+00
-27.8000E-06,+1.8730468750E+00,+179.6875000E-03,+5.1015625000E+00
-27.6000E-06,+1.8779296875E+00,+183.5937500E-03,+5.0996093750E+00
-27.4000E-06,+1.8779296875E+00,+179.6875000E-03,+5.0937500000E+00
-27.2000E-06,+1.8798828125E+00,+181.6406250E-03,+5.0898437500E+00
-27.0000E-06,+1.8828125000E+00,+173.8281250E-03,+5.0957031250E+00
-26.8000E-06,+1.8857421875E+00,+179.6875000E-03,+5.1035156250E+00
-26.6000E-06,+1.8876953125E+00,+181.6406250E-03,+5.1054687500E+00
-26.4000E-06,+1.8896484375E+00,+183.5937500E-03,+5.1015625000E+00
-26.2000E-06,+1.8916015625E+00,+179.6875000E-03,+5.1054687500E+00
-26.0000E-06,+1.8964843750E+00,+177.7343750E-03,+5.1035156250E+00
-25.8000E-06,+1.8925781250E+00,+177.7343750E-03,+5.0703125000E+00
-25.6000E-06,+1.8925781250E+00,+173.8281250E-03,+5.0703125000E+00
-25.4000E-06,+1.8955078125E+00,+177.7343750E-03,+5.1074218750E+00
-25.2000E-06,+1.9013671875E+00,+183.5937500E-03,+5.1191406250E+00
-25.0000E-06,+1.8984375000E+00,+175.7812500E-03,+5.0761718750E+00
-24.8000E-06,+1.9013671875E+00,+173.8281250E-03,+5.0917968750E+00
-24.6000E-06,+1.9121093750E+00,+175.7812500E-03,+5.1250000000E+00
-24.4000E-06,+1.9130859375E+00,+183.5937500E-03,+5.1113281250E+00
-24.2000E-06,+1.9072265625E+00,+179.6875000E-03,+5.0625000000E+00
-24.0000E-06,+1.9121093750E+00,+177.7343750E-03,+5.0722656250E+00
-23.8000E-06,+1.9160156250E+00,+179.6875000E-03,+5.1015625000E+00
-23.6000E-06,+1.9199218750E+00,+175.7812500E-03,+5.0996093750E+00
-23.4000E-06,+1.9218750000E+00,+173.8281250E-03,+5.0917968750E+00
-23.2000E-06,+1.9218750000E+00,+181.6406250E-03,+5.0976562500E+00
-23.0000E-06,+1.9287109375E+00,+181.6406250E-03,+5.1171875000E+00
-22.8000E-06,+1.9296875000E+00,+177.7343750E-03,+5.1132812500E+00
-22.6000E-06,+1.9267578125E+00,+175.7812500E-03,+5.0605468750E+00
-22.4000E-06,+1.9238281250E+00,+175.7812500E-03,+5.0429687500E+00
-22.2000E-06,+1.9316406250E+00,+175.7812500E-03,+5.0976562500E+00
-22.0000E-06,+1.9375000000E+00,+183.5937500E-03,+5.1230468750E+00
-21.8000E-06,+1.9355468750E+00,+175.7812500E-03,+5.0800781250E+00
-21.6000E-06,+1.9326171875E+00,+173.8281250E-03,+5.0742187500E+00
-21.4000E-06,+1.9404296875E+00,+175.7812500E-03,+5.1093750000E+00
-21.2000E-06,+1.9433593750E+00,+177.7343750E-03,+5.1132812500E+00
-21.0000E-06,+1.9404296875E+00,+179.6875000E-03,+5.0664062500E+00
-20.8000E-06,+1.9423828125E+00,+177.7343750E-03,+5.0703125000E+00
-20.6000E-06,+1.9492187500E+00,+175.7812500E-03,+5.1132812500E+00
-20.4000E-06,+1.9521484375E+00,+177.7343750E-03,+5.0976562500E+00
-20.2000E-06,+1.9511718750E+00,+169.9218750E-03,+5.0644531250E+00
-20.0000E-06,+1.9511718750E+00,+173.8281250E-03,+5.0820312500E+00
-19.8000E-06,+1.9580078125E+00,+177.7343750E-03,+5.1035156250E+00
-19.6000E-06,+1.9619140625E+00,+179.6875000E-03,+5.0859375000E+00
-19.4000E-06,+1.9589843750E+00,+173.8281250E-03,+5.0703125000E+00
-19.2000E-06,+1.9589843750E+00,+175.7812500E-03,+5.0878906250E+00
-19.0000E-06,+1.9648437500E+00,+171.8750000E-03,+5.0937500000E+00
-18.8000E-06,+1.9697265625E+00,+175.7812500E-03,+5.0898437500E+00
-18.6000E-06,+1.9697265625E+00,+173.8281250E-03,+5.0781250000E+00
-18.4000E-06,+1.9677734375E+00,+179.6875000E-03,+5.0722656250E+00
-18.2000E-06,+1.9746093750E+00,+175.7812500E-03,+5.0839843750E+00
-18.0000E-06,+1.9794921875E+00,+169.9218750E-03,+5.0917968750E+00
-17.8000E-06,+1.9765625000E+00,+173.8281250E-03,+5.0800781250E+00
-17.6000E-06,+1.9794921875E+00,+171.8750000E-03,+5.0683593750E+00
-17.4000E-06,+1.9824218750E+00,+171.8750000E-03,+5.0839843750E+00
-17.2000E-06,+1.9833984375E+00,+177.7343750E-03,+5.0859375000E+00
-17.0000E-06,+1.9843750000E+00,+175.7812500E-03,+5.0859375000E+00
-16.8000E-06,+1.9863281250E+00,+175.7812500E-03,+5.0800781250E+00
-16.6000E-06,+1.9892578125E+00,+173.8281250E-03,+5.0781250000E+00
-16.4000E-06,+1.9931640625E+00,+173.8281250E-03,+5.0761718750E+00
-16.2000E-06,+1.9921875000E+00,+177.7343750E-03,+5.0761718750E+00
-16.0000E-06,+1.9970703125E+00,+175.7812500E-03,+5.0761718750E+00
-15.8000E-06,+1.9970703125E+00,+175.7812500E-03,+5.0800781250E+00
-15.6000E-06,+1.9960937500E+00,+173.8281250E-03,+5.0839843750E+00
-15.4000E-06,+2.0029296875E+00,+169.9218750E-03,+5.0878906250E+00
-15.2000E-06,+2.0039062500E+00,+171.8750000E-03,+5.0859375000E+00
-15.0000E-06,+2.0029296875E+00,+177.7343750E-03,+5.0742187500E+00
-14.8000E-06,+2.0058593750E+00,+175.7812500E-03,+5.0742187500E+00
-14.6000E-06,+2.0097656250E+00,+173.8281250E-03,+5.0820312500E+00
-14.4000E-06,+2.0126953125E+00,+171.8750000E-03,+5.0781250000E+00
-14.2000E-06,+2.0117187500E+00,+171.8750000E-03,+5.0703125000E+00
-14.0000E-06,+2.0136718750E+00,+173.8281250E-03,+5.0683593750E+00
-13.8000E-06,+2.0175781250E+00,+169.9218750E-03,+5.0820312500E+00
-13.6000E-06,+2.0205078125E+00,+175.7812500E-03,+5.0898437500E+00
-13.4000E-06,+2.0224609375E+00,+175.7812500E-03,+5.0800781250E+00
-13.2000E-06,+2.0253906250E+00,+173.8281250E-03,+5.0742187500E+00
-13.0000E-06,+2.0244140625E+00,+169.9218750E-03,+5.0742187500E+00
-12.8000E-06,+2.0283203125E+00,+173.8281250E-03,+5.0761718750E+00
-12.6000E-06,+2.0302734375E+00,+173.8281250E-03,+5.0722656250E+00
-12.4000E-06,+2.0312500000E+00,+173.8281250E-03,+5.0722656250E+00
-12.2000E-06,+2.0302734375E+00,+173.8281250E-03,+5.0761718750E+00
-12.0000E-06,+2.0361328125E+00,+171.8750000E-03,+5.0820312500E+00
-11.8000E-06,+2.0361328125E+00,+169.9218750E-03,+5.0781250000E+00
-11.6000E-06,+2.0371093750E+00,+166.0156250E-03,+5.0742187500E+00
-11.4000E-06,+2.0371093750E+00,+171.8750000E-03,+5.0761718750E+00
-11.2000E-06,+2.0410156250E+00,+173.8281250E-03,+5.0742187500E+00
-11.0000E-06,+2.0429687500E+00,+169.9218750E-03,+5.0683593750E+00
-10.8000E-06,+2.0449218750E+00,+167.9687500E-03,+5.0703125000E+00
-10.6000E-06,+2.0468750000E+00,+167.9687500E-03,+5.0683593750E+00
-10.4000E-06,+2.0478515625E+00,+169.9218750E-03,+5.0703125000E+00
-10.2000E-06,+2.0517578125E+00,+169.9218750E-03,+5.0761718750E+00
-10.0000E-06,+2.0566406250E+00,+171.8750000E-03,+5.0742187500E+00
-9.8000E-06,+2.0566406250E+00,+171.8750000E-03,+5.0742187500E+00
-9.6000E-06,+2.0595703125E+00,+169.9218750E-03,+5.0703125000E+00
-9.4000E-06,+2.0585937500E+00,+167.9687500E-03,+5.0683593750E+00
-9.2000E-06,+2.0634765625E+00,+169.9218750E-03,+5.0683593750E+00
-9.0000E-06,+2.0625000000E+00,+171.8750000E-03,+5.0703125000E+00
-8.8000E-06,+2.0683593750E+00,+171.8750000E-03,+5.0683593750E+00
-8.6000E-06,+2.0664062500E+00,+173.8281250E-03,+5.0683593750E+00
-8.4000E-06,+2.0703125000E+00,+167.9687500E-03,+5.0644531250E+00
-8.2000E-06,,,
